Label,TRACK_ID,SPOT_SOURCE_ID,SPOT_TARGET_ID,LINK_COST,EDGE_TIME,EDGE_X_LOCATION,EDGE_Y_LOCATION,EDGE_Z_LOCATION,VELOCITY,DISPLACEMENT,MANUAL_COLOR
(ID90 : ID76),0,90,76,0.017,0.150,75.943,5.814,0,0.432,0.129,None
(ID76 : ID86),0,76,86,0.042,0.600,75.852,5.859,0,0.341,0.205,None
(ID86 : ID100),0,86,100,0.017,1.050,75.760,5.905,0,0.432,0.129,None
(ID100 : ID112),0,100,112,0.034,1.350,75.623,5.859,0,0.610,0.183,None
(ID112 : ID104),0,112,104,0.042,1.650,75.623,5.905,0,0.682,0.205,None
(ID104 : ID96),0,104,96,0.017,1.950,75.669,5.905,0,0.432,0.129,None
(ID96 : ID117),0,96,117,0.134,2.250,75.440,5.859,0,1.221,0.366,None
(ID117 : ID123),0,117,123,0.034,2.550,75.165,5.859,0,0.610,0.183,None
(ID123 : ID125),0,123,125,0.008,2.850,75.119,5.859,0,0.305,0.092,None
(ID125 : ID129),0,125,129,0.008,3.150,75.211,5.859,0,0.305,0.092,None
(ID129 : ID133),0,129,133,0.000,3.450,75.257,5.859,0,0.000,0.000,None
(ID133 : ID136),0,133,136,0.000,3.750,75.257,5.859,0,0.000,0.000,None
(ID136 : ID140),0,136,140,0.017,4.050,75.211,5.814,0,0.432,0.129,None
(ID140 : ID148),0,140,148,0.034,4.350,75.165,5.859,0,0.610,0.183,None
(ID148 : ID157),0,148,157,0.017,4.650,75.211,5.905,0,0.432,0.129,None
(ID157 : ID152),0,157,152,0.008,4.950,75.211,5.859,0,0.305,0.092,None
(ID152 : ID165),0,152,165,0.034,5.250,75.073,5.859,0,0.610,0.183,None
(ID165 : ID176),0,165,176,0.017,5.550,74.936,5.905,0,0.432,0.129,None
(ID176 : ID187),0,176,187,0.008,5.850,74.936,5.951,0,0.305,0.092,None
(ID187 : ID182),0,187,182,0.000,6.150,74.982,5.951,0,0.000,0.000,None
(ID182 : ID192),0,182,192,0.008,6.450,74.936,5.951,0,0.305,0.092,None
(ID192 : ID198),0,192,198,0.008,6.750,74.936,5.951,0,0.305,0.092,None
(ID198 : ID204),0,198,204,0.109,7.050,75.119,5.859,0,1.100,0.330,None
(ID204 : ID210),0,204,210,0.017,7.350,75.211,5.814,0,0.432,0.129,None
(ID210 : ID219),0,210,219,0.017,7.650,75.211,5.905,0,0.432,0.129,None
(ID219 : ID222),0,219,222,0.042,7.950,75.211,5.859,0,0.682,0.205,None
(ID222 : ID226),0,222,226,0.008,8.250,75.165,5.814,0,0.305,0.092,None
(ID226 : ID231),0,226,231,0.008,8.550,75.211,5.859,0,0.305,0.092,None
(ID231 : ID237),0,231,237,0.008,8.850,75.257,5.814,0,0.305,0.092,None
(ID237 : ID240),0,237,240,0.008,9.150,75.257,5.814,0,0.305,0.092,None
(ID240 : ID245),0,240,245,0.042,9.450,75.302,5.768,0,0.682,0.205,None
(ID245 : ID249),0,245,249,0.243,9.750,75.119,5.768,0,1.643,0.493,None
(ID249 : ID256),0,249,256,0.218,10.050,74.661,5.814,0,1.556,0.467,None
(ID256 : ID260),0,256,260,0.243,10.350,74.204,5.859,0,1.643,0.493,None
(ID260 : ID262),0,260,262,1.425,10.650,73.380,5.997,0,3.979,1.194,None
(ID262 : ID267),0,262,267,0.872,10.950,72.327,5.951,0,3.112,0.934,None
(ID267 : ID270),0,267,270,0.302,11.250,71.594,5.859,0,1.831,0.549,None
(ID270 : ID274),0,270,274,0.134,11.550,71.137,5.859,0,1.221,0.366,None
(ID274 : ID279),0,274,279,0.034,11.850,71.045,5.859,0,0.610,0.183,None
(ID279 : ID284),0,279,284,0.000,12.150,71.137,5.859,0,0.000,0.000,None
(ID284 : ID289),0,284,289,0.000,12.450,71.137,5.859,0,0.000,0.000,None
(ID289 : ID295),0,289,295,0.000,12.750,71.137,5.859,0,0.000,0.000,None
(ID295 : ID305),0,295,305,0.034,13.050,71.045,5.859,0,0.610,0.183,None
(ID305 : ID310),0,305,310,0.008,13.350,70.999,5.859,0,0.305,0.092,None
(ID310 : ID312),0,310,312,0.008,13.650,71.091,5.859,0,0.305,0.092,None
(ID312 : ID316),0,312,316,0.008,13.950,71.091,5.859,0,0.305,0.092,None
(ID316 : ID324),0,316,324,0.034,14.250,70.954,5.859,0,0.610,0.183,None
(ID324 : ID319),0,324,319,0.000,14.550,70.862,5.859,0,0.000,0.000,None
(ID319 : ID330),0,319,330,0.008,14.850,70.862,5.814,0,0.305,0.092,None
(ID330 : ID338),0,330,338,0.017,15.150,70.908,5.814,0,0.432,0.129,None
(ID338 : ID344),0,338,344,0.008,15.450,70.908,5.859,0,0.305,0.092,None
(ID344 : ID348),0,344,348,0.017,15.750,70.816,5.814,0,0.432,0.129,None
(ID348 : ID353),0,348,353,0.008,16.050,70.725,5.768,0,0.305,0.092,None
(ID353 : ID363),0,353,363,0.008,16.350,70.633,5.768,0,0.305,0.092,None
(ID363 : ID356),0,363,356,0.302,16.650,70.313,5.768,0,1.831,0.549,None
(ID356 : ID367),0,356,367,0.218,16.950,69.809,5.722,0,1.556,0.467,None
(ID367 : ID372),0,367,372,0.310,17.250,69.306,5.722,0,1.856,0.557,None
(ID372 : ID378),0,372,378,0.042,17.550,68.939,5.722,0,0.682,0.205,None
(ID378 : ID387),0,378,387,0.042,17.850,68.756,5.722,0,0.682,0.205,None
(ID387 : ID374),0,387,374,0.042,18.150,68.573,5.722,0,0.682,0.205,None
(ID374 : ID395),0,374,395,0.008,18.450,68.482,5.722,0,0.305,0.092,None
(ID395 : ID402),0,395,402,0.008,18.750,68.482,5.722,0,0.305,0.092,None
(ID402 : ID400),0,402,400,0.008,19.050,68.436,5.676,0,0.305,0.092,None
(ID400 : ID405),0,400,405,0.034,19.350,68.482,5.676,0,0.610,0.183,None
(ID405 : ID410),0,405,410,0.034,19.650,68.665,5.676,0,0.610,0.183,None
(ID410 : ID422),0,410,422,0.000,19.950,68.756,5.676,0,0.000,0.000,None
(ID422 : ID415),0,422,415,0.000,20.250,68.756,5.676,0,0.000,0.000,None
(ID415 : ID424),0,415,424,0.075,20.550,68.894,5.676,0,0.916,0.275,None
(ID424 : ID428),0,424,428,0.302,20.850,69.306,5.676,0,1.831,0.549,None
(ID428 : ID433),0,428,433,0.008,21.150,69.626,5.676,0,0.305,0.092,None
(ID433 : ID438),0,433,438,0.000,21.450,69.672,5.676,0,0.000,0.000,None
(ID438 : ID442),0,438,442,0.000,21.750,69.672,5.676,0,0.000,0.000,None
(ID442 : ID448),0,442,448,0.034,22.050,69.580,5.676,0,0.610,0.183,None
(ID448 : ID454),0,448,454,0.302,22.350,69.214,5.676,0,1.831,0.549,None
(ID454 : ID461),0,454,461,0.008,22.650,68.894,5.676,0,0.305,0.092,None
(ID461 : ID472),0,461,472,0.000,22.950,68.848,5.676,0,0.000,0.000,None
(ID472 : ID465),0,472,465,0.042,23.250,68.756,5.722,0,0.682,0.205,None
(ID465 : ID476),0,465,476,0.008,23.550,68.619,5.768,0,0.305,0.092,None
(ID476 : ID481),0,476,481,0.075,23.850,68.436,5.768,0,0.916,0.275,None
(ID481 : ID483),0,481,483,0.134,24.150,68.115,5.768,0,1.221,0.366,None
(ID483 : ID487),0,483,487,0.042,24.450,67.841,5.722,0,0.682,0.205,None
(ID487 : ID492),0,487,492,0.075,24.750,67.612,5.676,0,0.916,0.275,None
(ID492 : ID497),0,492,497,0.084,25.050,67.337,5.722,0,0.965,0.290,None
(ID497 : ID500),0,497,500,0.210,25.350,66.971,5.768,0,1.526,0.458,None
(ID500 : ID506),0,500,506,0.302,25.650,66.467,5.768,0,1.831,0.549,None
(ID506 : ID509),0,506,509,0.134,25.950,66.010,5.768,0,1.221,0.366,None
(ID509 : ID512),0,509,512,0.302,26.250,65.552,5.768,0,1.831,0.549,None
(ID512 : ID521),0,512,521,0.142,26.550,65.094,5.814,0,1.258,0.377,None
(ID521 : ID522),0,521,522,0.042,26.850,64.820,5.814,0,0.682,0.205,None
(ID522 : ID527),0,522,527,0.008,27.150,64.728,5.814,0,0.305,0.092,None
(ID527 : ID531),0,527,531,0.008,27.450,64.728,5.814,0,0.305,0.092,None
(ID531 : ID532),0,531,532,0.008,27.750,64.728,5.814,0,0.305,0.092,None
(ID532 : ID535),0,532,535,0.017,28.050,64.682,5.814,0,0.432,0.129,None
(ID535 : ID538),0,535,538,0.075,28.350,64.499,5.768,0,0.916,0.275,None
(ID538 : ID544),0,538,544,0.838,28.650,63.904,5.768,0,3.052,0.916,None
(ID544 : ID549),0,544,549,0.134,28.950,63.263,5.768,0,1.221,0.366,None
(ID549 : ID551),0,549,551,1.048,29.250,62.576,5.859,0,3.412,1.024,None
(ID551 : ID552),0,551,552,0.545,29.550,61.707,5.905,0,2.460,0.738,None
(ID552 : ID555),0,552,555,0.210,29.850,61.112,5.859,0,1.526,0.458,None
(ID555 : ID557),0,555,557,0.075,30.150,60.745,5.859,0,0.916,0.275,None
(ID557 : ID561),0,557,561,0.210,30.450,60.379,5.859,0,1.526,0.458,None
(ID561 : ID563),0,561,563,0.419,30.750,59.830,5.905,0,2.158,0.647,None
(ID563 : ID566),0,563,566,0.134,31.050,59.326,5.951,0,1.221,0.366,None
(ID566 : ID568),0,566,568,0.075,31.350,59.006,5.951,0,0.916,0.275,None
(ID568 : ID572),0,568,572,0.034,31.650,58.777,5.951,0,0.610,0.183,None
(ID572 : ID575),0,572,575,0.302,31.950,58.411,5.951,0,1.831,0.549,None
(ID575 : ID579),0,575,579,0.142,32.250,57.953,5.905,0,1.258,0.377,None
(ID579 : ID582),0,579,582,0.419,32.550,57.450,5.905,0,2.158,0.647,None
(ID582 : ID583),0,582,583,0.210,32.850,56.900,5.951,0,1.526,0.458,None
(ID583 : ID585),0,583,585,0.142,33.150,56.488,5.905,0,1.258,0.377,None
(ID585 : ID586),0,585,586,0.302,33.450,56.030,5.859,0,1.831,0.549,None
(ID586 : ID587),0,586,587,0.042,33.750,55.664,5.814,0,0.682,0.205,None
(ID587 : ID591),0,587,591,0.310,34.050,55.298,5.722,0,1.856,0.557,None
(ID591 : ID594),0,591,594,0.134,34.350,54.840,5.676,0,1.221,0.366,None
(ID594 : ID599),0,594,599,0.042,34.650,54.566,5.722,0,0.682,0.205,None
(ID599 : ID605),0,599,605,0.034,34.950,54.382,5.768,0,0.610,0.183,None
(ID605 : ID607),0,605,607,0.084,35.250,54.154,5.814,0,0.965,0.290,None
(ID607 : ID613),0,607,613,0.017,35.550,53.970,5.905,0,0.432,0.129,None
(ID613 : ID4088),0,613,4088,0.321,77.850,53.650,6.020,0,0.007,0.566,None
(ID4088 : ID4094),0,4088,4094,0.168,120.500,53.192,6.180,0,0.409,0.409,None
(ID4094 : ID623),0,4094,623,1.419,78.950,52.414,6.294,0,0.014,1.191,None
(ID623 : ID626),0,623,626,0.084,80.450,51.682,6.271,0,0.003,0.290,None
(ID626 : ID629),0,626,629,0.034,80.750,51.453,6.226,0,0.002,0.183,None
(ID629 : ID631),0,629,631,0.017,37.650,51.315,6.180,0,0.432,0.129,None
(ID631 : ID632),0,631,632,0.042,37.950,51.361,6.180,0,0.682,0.205,None
(ID632 : ID636),0,632,636,0.000,38.400,51.453,6.226,0,0.000,0.000,None
(ID636 : ID638),0,636,638,0.017,38.850,51.499,6.271,0,0.432,0.129,None
(ID638 : ID642),0,638,642,0.000,39.150,51.544,6.317,0,0.000,0.000,None
(ID642 : ID647),0,642,647,0.008,39.450,51.499,6.317,0,0.305,0.092,None
(ID647 : ID650),0,647,650,0.067,39.750,51.361,6.226,0,0.863,0.259,None
(ID650 : ID656),0,650,656,0.017,40.050,51.224,6.180,0,0.432,0.129,None
(ID656 : ID659),0,656,659,0.017,40.350,51.224,6.271,0,0.432,0.129,None
(ID659 : ID661),0,659,661,0.084,40.650,51.407,6.271,0,0.965,0.290,None
(ID661 : ID664),0,661,664,0.008,40.950,51.544,6.271,0,0.305,0.092,None
(ID664 : ID665),0,664,665,0.084,41.250,51.407,6.271,0,0.965,0.290,None
(ID665 : ID669),0,665,669,0.008,41.550,51.224,6.226,0,0.305,0.092,None
(ID669 : ID667),0,669,667,0.008,41.850,51.178,6.271,0,0.305,0.092,None
(ID667 : ID674),0,667,674,0.008,42.150,51.132,6.317,0,0.305,0.092,None
(ID674 : ID678),0,674,678,0.008,42.450,51.087,6.271,0,0.305,0.092,None
(ID678 : ID686),0,678,686,0.000,42.750,51.087,6.226,0,0.000,0.000,None
(ID686 : ID682),0,686,682,0.210,43.050,50.858,6.226,0,1.526,0.458,None
(ID682 : ID688),0,682,688,0.017,43.350,50.583,6.271,0,0.432,0.129,None
(ID688 : ID690),0,688,690,0.008,43.650,50.491,6.317,0,0.305,0.092,None
(ID690 : ID697),0,690,697,0.302,43.950,50.171,6.317,0,1.831,0.549,None
(ID697 : ID695),0,697,695,0.847,44.250,49.439,6.363,0,3.067,0.920,None
(ID695 : ID699),0,695,699,0.411,44.550,48.660,6.409,0,2.136,0.641,None
(ID699 : ID701),0,699,701,0.545,44.850,47.974,6.363,0,2.460,0.738,None
(ID701 : ID704),0,701,704,0.134,45.150,47.424,6.317,0,1.221,0.366,None
(ID704 : ID706),0,704,706,0.687,45.450,46.829,6.363,0,2.763,0.829,None
(ID706 : ID709),0,706,709,0.218,45.750,46.188,6.454,0,1.556,0.467,None
(ID709 : ID712),0,709,712,0.142,46.050,45.776,6.454,0,1.258,0.377,None
(ID712 : ID716),0,712,716,0.210,46.350,45.822,6.409,0,1.526,0.458,None
(ID716 : ID721),0,716,721,0.008,46.650,46.097,6.409,0,0.305,0.092,None
(ID721 : ID724),0,721,724,0.210,46.950,45.914,6.409,0,1.526,0.458,None
(ID724 : ID722),0,724,722,0.310,47.250,45.410,6.363,0,1.856,0.557,None
(ID722 : ID728),0,722,728,0.042,47.550,45.227,6.363,0,0.682,0.205,None
(ID728 : ID731),0,728,731,0.042,47.850,45.227,6.363,0,0.682,0.205,None
(ID731 : ID735),0,731,735,0.075,48.150,44.998,6.317,0,0.916,0.275,None
(ID735 : ID732),0,735,732,0.218,48.450,44.632,6.271,0,1.556,0.467,None
(ID732 : ID737),0,732,737,0.042,48.750,44.312,6.180,0,0.682,0.205,None
(ID737 : ID739),0,737,739,0.017,49.050,44.174,6.180,0,0.432,0.129,None
(ID739 : ID746),0,739,746,0.210,49.350,44.357,6.226,0,1.526,0.458,None
(ID746 : ID742),0,746,742,0.008,49.650,44.586,6.180,0,0.305,0.092,None
(ID742 : ID750),0,742,750,0.034,49.950,44.495,6.134,0,0.610,0.183,None
(ID750 : ID751),0,750,751,0.067,50.250,44.312,6.226,0,0.863,0.259,None
(ID751 : ID752),0,751,752,0.084,50.550,44.083,6.271,0,0.965,0.290,None
(ID752 : ID754),0,752,754,0.134,50.850,43.762,6.226,0,1.221,0.366,None
(ID754 : ID755),0,754,755,0.142,51.150,43.762,6.180,0,1.258,0.377,None
(ID755 : ID759),0,755,759,0.042,51.450,43.900,6.226,0,0.682,0.205,None
(ID759 : ID760),0,759,760,0.017,51.750,43.900,6.271,0,0.432,0.129,None
(ID760 : ID761),0,760,761,0.008,52.050,43.900,6.226,0,0.305,0.092,None
(ID761 : ID764),0,761,764,0.042,52.350,43.945,6.180,0,0.682,0.205,None
(ID764 : ID766),0,764,766,0.034,52.650,44.129,6.134,0,0.610,0.183,None
(ID766 : ID769),0,766,769,0.218,52.950,43.991,6.180,0,1.556,0.467,None
(ID769 : ID774),0,769,774,0.042,53.250,43.671,6.180,0,0.682,0.205,None
(ID774 : ID778),0,774,778,0.008,53.550,43.533,6.134,0,0.305,0.092,None
(ID778 : ID780),0,778,780,0.042,53.850,43.396,6.180,0,0.682,0.205,None
(ID780 : ID784),0,780,784,0.679,54.300,42.893,6.226,0,1.373,0.824,None
(ID784 : ID790),0,784,790,0.142,54.750,42.297,6.180,0,1.258,0.377,None
(ID790 : ID793),0,790,793,0.042,55.050,42.023,6.180,0,0.682,0.205,None
(ID793 : ID799),0,793,799,0.210,55.350,41.702,6.226,0,1.526,0.458,None
(ID799 : ID796),0,799,796,0.008,55.650,41.474,6.180,0,0.305,0.092,None
(ID796 : ID805),0,796,805,0.000,55.950,41.474,6.134,0,0.000,0.000,None
(ID805 : ID809),0,805,809,0.377,56.250,41.199,5.997,0,2.047,0.614,None
(ID809 : ID827),0,809,827,0.034,56.550,40.833,5.859,0,0.610,0.183,None
(ID827 : ID820),0,827,820,0.000,56.850,40.741,5.859,0,0.000,0.000,None
(ID820 : ID833),0,820,833,0.008,57.150,40.695,5.859,0,0.305,0.092,None
(ID833 : ID829),0,833,829,0.034,57.450,40.741,5.859,0,0.610,0.183,None
(ID829 : ID843),0,829,843,0.008,57.750,40.878,5.859,0,0.305,0.092,None
(ID843 : ID839),0,843,839,0.008,58.050,40.878,5.859,0,0.305,0.092,None
(ID839 : ID845),0,839,845,0.008,58.350,40.878,5.859,0,0.305,0.092,None
(ID845 : ID851),0,845,851,0.000,58.650,40.924,5.859,0,0.000,0.000,None
(ID851 : ID860),0,851,860,0.008,58.950,40.970,5.859,0,0.305,0.092,None
(ID860 : ID866),0,860,866,0.034,59.250,40.924,5.859,0,0.610,0.183,None
(ID866 : ID874),0,866,874,0.008,59.550,40.878,5.859,0,0.305,0.092,None
(ID874 : ID883),0,874,883,0.000,59.850,40.924,5.859,0,0.000,0.000,None
(ID883 : ID890),0,883,890,0.042,60.150,40.833,5.814,0,0.682,0.205,None
(ID890 : ID897),0,890,897,0.017,60.450,40.787,5.814,0,0.432,0.129,None
(ID897 : ID904),0,897,904,0.008,60.750,40.787,5.859,0,0.305,0.092,None
(ID904 : ID910),0,904,910,0.042,61.050,40.650,5.814,0,0.682,0.205,None
(ID910 : ID919),0,910,919,0.847,61.350,40.100,5.814,0,3.067,0.920,None
(ID919 : ID924),0,919,924,0.134,61.650,39.459,5.859,0,1.221,0.366,None
(ID924 : ID936),0,924,936,0.679,61.950,38.864,5.859,0,2.747,0.824,None
(ID936 : ID948),0,936,948,0.218,62.250,38.223,5.814,0,1.556,0.467,None
(ID948 : ID956),0,948,956,0.302,62.550,37.720,5.768,0,1.831,0.549,None
(ID956 : ID962),0,956,962,0.000,62.850,37.445,5.768,0,0.000,0.000,None
(ID962 : ID970),0,962,970,0.008,63.150,37.399,5.768,0,0.305,0.092,None
(ID970 : ID973),0,970,973,0.034,63.450,37.262,5.768,0,0.610,0.183,None
(ID973 : ID977),0,973,977,0.134,63.750,36.987,5.768,0,1.221,0.366,None
(ID977 : ID984),0,977,984,0.536,64.050,36.438,5.768,0,2.441,0.732,None
(ID984 : ID993),0,984,993,0.142,64.350,35.889,5.722,0,1.258,0.377,None
(ID993 : ID1002),0,993,1002,0.134,64.650,35.523,5.676,0,1.221,0.366,None
(ID1002 : ID1006),0,1002,1006,0.008,64.950,35.385,5.676,0,0.305,0.092,None
(ID1006 : ID1012),0,1006,1012,0.000,65.250,35.431,5.676,0,0.000,0.000,None
(ID1012 : ID1021),0,1012,1021,0.142,65.550,35.248,5.631,0,1.258,0.377,None
(ID1021 : ID1023),0,1021,1023,0.075,65.850,34.927,5.585,0,0.916,0.275,None
(ID1023 : ID1030),0,1023,1030,0.042,66.150,34.699,5.539,0,0.682,0.205,None
(ID1030 : ID1036),0,1030,1036,0.017,66.450,34.653,5.539,0,0.432,0.129,None
(ID1036 : ID1041),0,1036,1041,0.008,66.750,34.653,5.585,0,0.305,0.092,None
(ID1041 : ID1045),0,1041,1045,0.008,67.050,34.653,5.585,0,0.305,0.092,None
(ID1045 : ID1049),0,1045,1049,0.000,67.350,34.699,5.585,0,0.000,0.000,None
(ID1049 : ID1053),0,1049,1053,0.017,67.650,34.744,5.539,0,0.432,0.129,None
(ID1053 : ID1060),0,1053,1060,0.017,67.950,34.744,5.539,0,0.432,0.129,None
(ID1060 : ID1074),0,1060,1074,0.008,68.250,34.653,5.585,0,0.305,0.092,None
(ID1074 : ID1066),0,1074,1066,0.377,68.550,34.332,5.447,0,2.047,0.614,None
(ID1066 : ID1083),0,1066,1083,0.142,68.850,33.875,5.264,0,1.258,0.377,None
(ID1083 : ID1078),0,1083,1078,0.218,69.150,33.463,5.173,0,1.556,0.467,None
(ID1078 : ID1086),0,1078,1086,0.034,69.450,33.142,5.127,0,0.610,0.183,None
(ID1086 : ID1093),0,1086,1093,0.042,69.750,32.959,5.173,0,0.682,0.205,None
(ID93 : ID80),2,93,80,0.042,0.150,53.650,14.786,0,0.682,0.205,None
(ID80 : ID84),2,80,84,0.444,0.450,53.238,14.740,0,2.222,0.667,None
(ID84 : ID89),2,84,89,1.048,0.750,52.414,14.557,0,3.412,1.024,None
(ID89 : ID101),2,89,101,0.444,1.050,51.590,14.374,0,2.222,0.667,None
(ID101 : ID115),2,101,115,0.419,1.350,50.949,14.328,0,2.158,0.647,None
(ID115 : ID108),2,115,108,0.545,1.650,50.263,14.328,0,2.460,0.738,None
(ID108 : ID4117),2,108,4117,0.404,4.400,49.622,14.442,0,0.122,0.636,None
(ID4117 : ID119),2,4117,119,0.002,4.700,49.347,14.580,0,0.010,0.046,None
(ID119 : ID126),2,119,126,1.417,2.700,48.752,14.557,0,1.984,1.190,None
(ID126 : ID131),2,126,131,0.419,3.150,47.836,14.511,0,2.158,0.647,None
(ID131 : ID134),2,131,134,0.000,3.450,47.516,14.465,0,0.000,0.000,None
(ID134 : ID138),2,134,138,0.142,3.750,47.333,14.420,0,1.258,0.377,None
(ID138 : ID143),2,138,143,1.651,4.050,46.509,14.420,0,4.283,1.285,None
(ID143 : ID150),2,143,150,0.419,4.350,45.548,14.511,0,2.158,0.647,None
(ID150 : ID160),2,150,160,0.847,4.650,44.769,14.511,0,3.067,0.920,None
(ID160 : ID154),2,160,154,0.034,4.950,44.220,14.465,0,0.610,0.183,None
(ID154 : ID4111),2,154,4111,1.651,11.550,43.488,14.511,0,0.100,1.285,None
(ID4111 : ID179),2,4111,179,0.847,11.850,42.389,14.511,0,0.075,0.920,None
(ID179 : ID188),2,179,188,1.048,5.850,41.428,14.374,0,3.412,1.024,None
(ID188 : ID183),2,188,183,0.419,6.150,40.604,14.328,0,2.158,0.647,None
(ID183 : ID194),2,183,194,1.894,6.450,39.597,14.420,0,4.588,1.376,None
(ID194 : ID200),2,194,200,1.894,6.750,38.223,14.420,0,4.588,1.376,None
(ID200 : ID207),2,200,207,1.282,7.050,36.987,14.236,0,3.775,1.132,None
(ID207 : ID213),2,207,213,0.210,7.350,36.209,14.099,0,1.526,0.458,None
(ID213 : ID221),2,213,221,0.134,7.650,35.797,14.099,0,1.221,0.366,None
(ID221 : ID223),2,221,223,0.302,7.950,35.339,14.099,0,1.831,0.549,None
(ID223 : ID227),2,223,227,0.687,8.250,34.653,14.145,0,2.763,0.829,None
(ID227 : ID234),2,227,234,0.712,8.550,33.829,14.099,0,2.814,0.844,None
(ID234 : ID239),2,234,239,0.142,8.850,33.234,14.053,0,1.258,0.377,None
(ID239 : ID241),2,239,241,0.008,9.150,33.005,14.099,0,0.305,0.092,None
(ID241 : ID246),2,241,246,0.008,9.450,33.005,14.099,0,0.305,0.092,None
(ID246 : ID253),2,246,253,0.008,9.750,33.005,14.099,0,0.305,0.092,None
(ID253 : ID258),2,253,258,0.008,10.050,32.913,14.099,0,0.305,0.092,None
(ID258 : ID261),2,258,261,0.008,10.350,32.822,14.099,0,0.305,0.092,None
(ID261 : ID263),2,261,263,1.014,10.650,32.272,14.099,0,3.357,1.007,None
(ID263 : ID268),2,263,268,0.134,10.950,31.586,14.099,0,1.221,0.366,None
(ID268 : ID271),2,268,271,0.134,11.250,31.220,14.099,0,1.221,0.366,None
(ID271 : ID276),2,271,276,0.000,11.550,31.036,14.099,0,0.000,0.000,None
(ID276 : ID281),2,276,281,2.154,11.850,30.304,14.053,0,4.892,1.468,None
(ID281 : ID285),2,281,285,2.498,12.150,28.793,13.870,0,5.268,1.580,None
(ID285 : ID291),2,285,291,1.215,12.450,27.466,13.779,0,3.675,1.102,None
(ID291 : ID296),2,291,296,0.545,12.750,26.550,13.779,0,2.460,0.738,None
(ID296 : ID308),2,296,308,0.712,13.050,25.772,13.825,0,2.814,0.844,None
(ID308 : ID311),2,308,311,0.335,13.350,25.086,13.825,0,1.930,0.579,None
(ID311 : ID315),2,311,315,0.679,13.650,24.399,13.733,0,2.747,0.824,None
(ID315 : ID317),2,315,317,1.316,13.950,23.483,13.458,0,3.824,1.147,None
(ID317 : ID325),2,317,325,0.687,14.250,22.568,13.138,0,2.763,0.829,None
(ID325 : ID320),2,325,320,2.724,14.550,21.332,13.046,0,5.502,1.650,None
(ID320 : ID332),2,320,332,0.545,14.850,20.142,13.046,0,2.460,0.738,None
(ID332 : ID340),2,332,340,1.023,15.150,19.272,13.046,0,3.371,1.011,None
(ID340 : ID345),2,340,345,3.353,15.450,17.853,13.001,0,6.104,1.831,None
(ID345 : ID349),2,345,349,0.847,15.750,16.480,12.955,0,3.067,0.920,None
(ID349 : ID354),2,349,354,3.361,16.050,15.106,12.955,0,6.111,1.833,None
(ID354 : ID364),2,354,364,0.419,16.350,13.870,12.955,0,2.158,0.647,None
(ID364 : ID358),2,364,358,0.075,16.650,13.413,12.909,0,0.916,0.275,None
(ID358 : ID370),2,358,370,0.419,16.950,12.955,12.955,0,2.158,0.647,None
(ID370 : ID373),2,370,373,0.419,17.250,12.314,12.955,0,2.158,0.647,None
(ID373 : ID379),2,373,379,0.008,17.550,12.039,12.909,0,0.305,0.092,None
(ID379 : ID389),2,379,389,0.034,17.850,11.993,12.909,0,0.610,0.183,None
(ID389 : ID376),2,389,376,0.008,18.150,11.856,12.909,0,0.305,0.092,None
(ID376 : ID396),2,376,396,0.000,18.450,11.810,12.909,0,0.000,0.000,None
(ID396 : ID403),2,396,403,0.034,18.750,11.902,12.909,0,0.610,0.183,None
(ID403 : ID401),2,403,401,0.134,19.050,11.810,12.909,0,1.221,0.366,None
(ID401 : ID407),2,401,407,0.008,19.350,11.581,12.909,0,0.305,0.092,None
(ID407 : ID411),2,407,411,0.084,19.650,11.398,12.863,0,0.965,0.290,None
(ID411 : ID423),2,411,423,0.008,19.950,11.261,12.863,0,0.305,0.092,None
(ID423 : ID417),2,423,417,0.008,20.250,11.261,12.863,0,0.305,0.092,None
(ID417 : ID425),2,417,425,0.017,20.550,11.215,12.863,0,0.432,0.129,None
(ID425 : ID430),2,425,430,0.084,20.850,11.032,12.863,0,0.965,0.290,None
(ID430 : ID434),2,430,434,0.084,21.150,11.032,12.863,0,0.965,0.290,None
(ID434 : ID440),2,434,440,0.084,21.450,11.032,12.863,0,0.965,0.290,None
(ID440 : ID443),2,440,443,3.705,21.750,9.934,12.772,0,6.416,1.925,None
(ID443 : ID4105),2,443,4105,1.651,47.950,8.331,12.680,0,0.025,1.285,None
(ID4105 : ID456),2,4105,456,2.154,48.250,6.958,12.589,0,0.028,1.468,None
(ID456 : ID463),2,456,463,0.687,22.650,5.814,12.589,0,2.763,0.829,None
(ID463 : ID474),2,463,474,1.014,22.950,4.898,12.634,0,3.357,1.007,None
(ID474 : ID467),2,474,467,3.361,23.250,3.479,12.589,0,6.111,1.833,None
(ID467 : ID478),2,467,478,1.676,23.550,1.923,12.634,0,4.316,1.295,None
(ID478 : ID482),2,478,482,0.243,23.850,1.053,12.817,0,1.643,0.493,None
(ID844 : ID850),47,844,850,2.456,58.650,28.061,5.493,0,5.224,1.567,None
(ID850 : ID859),47,850,859,0.084,58.950,27.145,5.447,0,0.965,0.290,None
(ID859 : ID864),47,859,864,2.724,59.250,26.184,5.447,0,5.502,1.650,None
(ID864 : ID870),47,864,870,1.450,59.550,24.765,5.310,0,4.014,1.204,None
(ID870 : ID881),47,870,881,0.712,59.850,23.758,5.127,0,2.814,0.844,None
(ID881 : ID889),47,881,889,0.075,60.150,23.209,5.035,0,0.916,0.275,None
(ID889 : ID895),47,889,895,3.487,60.450,22.156,4.852,0,6.224,1.867,None
(ID895 : ID903),47,895,903,3.160,60.750,22.110,4.852,0,5.925,1.778,None
(ID903 : ID909),47,903,909,11.508,61.050,21.286,4.944,0,11.308,3.392,None
(ID909 : ID916),47,909,916,4.090,61.350,20.599,4.761,0,6.742,2.022,None
(ID916 : ID923),47,916,923,9.991,61.650,20.050,4.944,0,10.536,3.161,None
(ID923 : ID933),47,923,933,0.411,61.950,18.173,5.219,0,2.136,0.641,None
(ID933 : ID947),47,933,947,1.450,62.250,17.258,5.310,0,4.014,1.204,None
(ID947 : ID954),47,947,954,0.218,62.550,16.434,5.356,0,1.556,0.467,None
(ID954 : ID960),47,954,960,0.536,62.850,15.839,5.310,0,2.441,0.732,None
(ID960 : ID969),47,960,969,1.148,63.150,14.969,5.493,0,3.572,1.072,None
(ID969 : ID976),47,969,976,0.411,63.600,14.145,5.676,0,1.068,0.641,None
(ID976 : ID982),47,976,982,1.492,64.050,13.229,5.539,0,4.072,1.221,None
(ID982 : ID991),47,982,991,0.545,64.350,12.268,5.356,0,2.460,0.738,None
(ID991 : ID999),47,991,999,0.310,64.650,11.627,5.264,0,1.856,0.557,None
(ID999 : ID4069),47,999,4069,0.256,140.900,11.101,5.196,0,0.003,0.506,None
(ID4069 : ID1011),47,4069,1011,0.071,141.200,10.735,5.241,0,0.002,0.267,None
(ID1011 : ID1020),47,1011,1020,0.419,65.550,10.300,5.356,0,2.158,0.647,None
(ID1020 : ID1024),47,1020,1024,4.132,65.850,8.972,5.539,0,6.776,2.033,None
(ID1024 : ID1031),47,1024,1031,0.545,66.150,7.599,5.631,0,2.460,0.738,None
(ID1031 : ID1037),47,1031,1037,0.017,66.450,7.187,5.631,0,0.432,0.129,None
(ID1037 : ID1044),47,1037,1044,1.241,66.900,7.690,5.585,0,1.856,1.114,None
(ID1044 : ID1048),47,1044,1048,1.643,67.350,7.599,5.493,0,4.272,1.282,None
(ID1048 : ID1054),47,1048,1054,0.344,67.650,6.729,5.676,0,1.954,0.586,None
(ID1054 : ID1062),47,1054,1062,0.084,67.950,6.363,5.814,0,0.965,0.290,None
(ID867 : ID878),52,867,878,0.419,59.550,81.986,14.603,0,2.158,0.647,None
(ID878 : ID887),52,878,887,0.210,59.850,81.436,14.557,0,1.526,0.458,None
(ID887 : ID892),52,887,892,1.282,60.150,80.658,14.420,0,3.775,1.132,None
(ID892 : ID899),52,892,899,0.838,60.450,79.651,14.282,0,3.052,0.916,None
(ID899 : ID905),52,899,905,0.679,60.750,78.781,14.282,0,2.747,0.824,None
(ID905 : ID913),52,905,913,0.679,61.050,77.957,14.282,0,2.747,0.824,None
(ID913 : ID920),52,913,920,2.179,61.350,76.813,14.374,0,4.921,1.476,None
(ID920 : ID929),52,920,929,0.310,61.650,75.806,14.420,0,1.856,0.557,None
(ID929 : ID939),52,929,939,0.570,61.950,75.165,14.465,0,2.517,0.755,None
(ID939 : ID950),52,939,950,0.017,62.250,74.753,14.511,0,0.432,0.129,None
(ID950 : ID958),52,950,958,0.000,62.550,74.707,14.465,0,0.000,0.000,None
(ID958 : ID964),52,958,964,0.017,62.850,74.753,14.511,0,0.432,0.129,None
(ID964 : ID972),52,964,972,0.034,63.150,74.707,14.557,0,0.610,0.183,None
(ID972 : ID974),52,972,974,0.000,63.450,74.616,14.557,0,0.000,0.000,None
(ID974 : ID979),52,974,979,0.000,63.750,74.616,14.557,0,0.000,0.000,None
(ID979 : ID988),52,979,988,0.168,64.050,74.433,14.648,0,1.365,0.409,None
(ID988 : ID996),52,988,996,0.218,64.350,74.021,14.694,0,1.556,0.467,None
(ID996 : ID1004),52,996,1004,0.243,64.650,73.563,14.740,0,1.643,0.493,None
(ID1004 : ID1008),52,1004,1008,0.536,64.950,72.968,14.832,0,2.441,0.732,None
(ID1008 : ID1016),52,1008,1016,0.411,65.250,72.281,14.832,0,2.136,0.641,None
(ID1016 : ID1022),52,1016,1022,0.302,65.550,71.686,14.832,0,1.831,0.549,None
(ID1022 : ID1027),52,1022,1027,1.886,65.850,70.725,14.832,0,4.578,1.373,None
(ID1027 : ID1034),52,1027,1034,0.545,66.150,69.672,14.786,0,2.460,0.738,None
(ID1034 : ID1039),52,1034,1039,0.285,66.450,69.077,14.877,0,1.779,0.534,None
(ID1039 : ID1042),52,1039,1042,0.580,144.800,68.527,14.809,0,0.005,0.762,None
(ID1042 : ID1047),52,1042,1047,1.016,145.100,67.703,14.626,0,0.006,1.008,None
(ID1047 : ID1052),52,1047,1052,0.335,67.350,66.925,14.740,0,1.930,0.579,None
(ID1052 : ID1057),52,1052,1057,0.268,67.650,66.467,14.648,0,1.726,0.518,None
(ID1057 : ID1063),52,1057,1063,0.142,67.950,66.101,14.420,0,1.258,0.377,None
(ID1063 : ID1076),52,1063,1076,0.008,68.250,65.872,14.374,0,0.305,0.092,None
(ID1076 : ID1071),52,1076,1071,0.042,68.550,65.735,14.328,0,0.682,0.205,None
(ID1071 : ID1085),52,1071,1085,0.017,68.850,65.689,14.328,0,0.432,0.129,None
(ID1085 : ID1081),52,1085,1081,0.000,69.150,65.735,14.374,0,0.000,0.000,None
(ID1081 : ID1090),52,1081,1090,0.017,69.450,65.689,14.328,0,0.432,0.129,None
(ID1090 : ID1096),52,1090,1096,0.000,69.750,65.644,14.282,0,0.000,0.000,None
(ID1096 : ID1098),52,1096,1098,0.000,70.050,65.644,14.282,0,0.000,0.000,None
(ID1098 : ID1100),52,1098,1100,0.008,70.350,65.598,14.282,0,0.305,0.092,None
(ID1100 : ID1104),52,1100,1104,0.218,70.650,65.323,14.236,0,1.556,0.467,None
(ID1104 : ID4042),52,1104,4042,1.207,153.900,64.545,14.191,0,0.007,1.099,None
(ID4042 : ID1115),52,4042,1115,0.134,154.200,63.812,14.191,0,0.002,0.366,None
(ID1115 : ID4054),52,1115,4054,0.105,155.700,63.469,14.168,0,0.002,0.324,None
(ID4054 : ID1120),52,4054,1120,0.071,156.150,63.194,14.076,0,0.002,0.267,None
(ID1120 : ID1127),52,1120,1127,0.151,72.450,63.217,14.145,0,1.295,0.388,None
(ID1127 : ID1132),52,1127,1132,0.017,72.750,63.309,14.236,0,0.432,0.129,None
(ID1132 : ID1150),52,1132,1150,0.310,73.050,62.988,14.145,0,1.856,0.557,None
(ID1150 : ID1146),52,1150,1146,0.042,73.350,62.668,14.191,0,0.682,0.205,None
(ID1146 : ID1154),52,1146,1154,0.008,73.650,62.576,14.282,0,0.305,0.092,None
(ID1154 : ID1159),52,1154,1159,0.008,73.950,62.531,14.236,0,0.305,0.092,None
(ID1159 : ID1161),52,1159,1161,0.000,74.250,62.531,14.191,0,0.000,0.000,None
(ID1161 : ID1165),52,1161,1165,0.008,74.550,62.531,14.236,0,0.305,0.092,None
(ID1165 : ID1169),52,1165,1169,0.075,74.850,62.393,14.282,0,0.916,0.275,None
(ID1169 : ID1171),52,1169,1171,0.000,75.150,62.256,14.282,0,0.000,0.000,None
(ID1171 : ID1172),52,1171,1172,0.008,75.450,62.210,14.282,0,0.305,0.092,None
(ID1172 : ID1175),52,1172,1175,0.000,75.750,62.164,14.282,0,0.000,0.000,None
(ID1175 : ID1179),52,1175,1179,0.008,76.050,62.164,14.328,0,0.305,0.092,None
(ID1179 : ID1181),52,1179,1181,0.017,76.350,62.119,14.328,0,0.432,0.129,None
(ID1181 : ID1188),52,1181,1188,0.000,76.650,62.073,14.282,0,0.000,0.000,None
(ID1188 : ID1184),52,1188,1184,0.084,76.950,62.210,14.328,0,0.965,0.290,None
(ID1184 : ID1191),52,1184,1191,0.109,77.250,62.210,14.282,0,1.100,0.330,None
(ID1191 : ID1193),52,1191,1193,0.042,77.550,62.164,14.236,0,0.682,0.205,None
(ID1193 : ID1194),52,1193,1194,0.017,77.850,62.302,14.328,0,0.432,0.129,None
(ID1194 : ID1196),52,1194,1196,0.075,78.150,62.210,14.374,0,0.916,0.275,None
(ID1196 : ID1199),52,1196,1199,0.034,78.450,61.981,14.374,0,0.610,0.183,None
(ID1199 : ID1205),52,1199,1205,0.075,78.750,61.752,14.374,0,0.916,0.275,None
(ID1205 : ID1210),52,1205,1210,0.075,79.050,61.478,14.374,0,0.916,0.275,None
(ID1210 : ID1211),52,1210,1211,0.034,79.350,61.249,14.374,0,0.610,0.183,None
(ID1211 : ID1214),52,1211,1214,0.017,79.650,61.203,14.328,0,0.432,0.129,None
(ID1214 : ID1220),52,1214,1220,0.000,79.950,61.249,14.282,0,0.000,0.000,None
(ID1220 : ID1223),52,1220,1223,0.017,80.250,61.295,14.328,0,0.432,0.129,None
(ID1223 : ID1226),52,1223,1226,0.017,80.550,61.295,14.328,0,0.432,0.129,None
(ID1226 : ID1227),52,1226,1227,0.008,80.850,61.249,14.328,0,0.305,0.092,None
(ID1227 : ID1232),52,1227,1232,0.084,81.150,61.112,14.328,0,0.965,0.290,None
(ID1232 : ID1237),52,1232,1237,0.084,81.450,60.837,14.328,0,0.965,0.290,None
(ID1237 : ID1241),52,1237,1241,0.008,81.750,60.654,14.374,0,0.305,0.092,None
(ID1241 : ID1247),52,1241,1247,0.075,82.050,60.745,14.374,0,0.916,0.275,None
(ID1247 : ID1246),52,1247,1246,0.034,82.350,60.791,14.374,0,0.610,0.183,None
(ID1246 : ID1250),52,1246,1250,0.008,82.650,60.654,14.374,0,0.305,0.092,None
(ID1250 : ID1253),52,1250,1253,0.210,82.950,60.379,14.374,0,1.526,0.458,None
(ID1253 : ID1262),52,1253,1262,0.000,83.250,60.150,14.374,0,0.000,0.000,None
(ID1262 : ID1257),52,1262,1257,0.008,83.550,60.150,14.420,0,0.305,0.092,None
(ID1257 : ID1270),52,1257,1270,0.008,83.850,60.150,14.420,0,0.305,0.092,None
(ID1270 : ID1279),52,1270,1279,0.075,84.150,60.288,14.374,0,0.916,0.275,None
(ID1279 : ID1283),52,1279,1283,0.008,84.450,60.471,14.374,0,0.305,0.092,None
(ID1283 : ID1286),52,1283,1286,0.017,84.750,60.471,14.420,0,0.432,0.129,None
(ID1286 : ID1289),52,1286,1289,0.034,85.050,60.333,14.465,0,0.610,0.183,None
(ID1289 : ID1294),52,1289,1294,0.411,85.350,59.921,14.465,0,2.136,0.641,None
(ID1294 : ID1300),52,1294,1300,0.218,85.650,59.372,14.420,0,1.556,0.467,None
(ID1300 : ID1306),52,1300,1306,0.075,85.950,59.006,14.374,0,0.916,0.275,None
(ID1306 : ID1309),52,1306,1309,0.754,86.250,58.457,14.236,0,2.895,0.869,None
(ID1309 : ID4124),52,1309,4124,1.014,187.700,57.541,14.099,0,0.005,1.007,None
(ID4124 : ID1316),52,4124,1316,0.687,188.000,56.626,14.053,0,0.004,0.829,None
(ID1316 : ID1320),52,1316,1320,0.134,87.150,56.030,14.008,0,1.221,0.366,None
(ID1320 : ID1325),52,1320,1325,0.545,87.450,55.481,14.053,0,2.460,0.738,None
(ID1325 : ID1334),52,1325,1334,0.310,87.750,54.840,14.145,0,1.856,0.557,None
(ID1334 : ID1340),52,1334,1340,0.310,88.050,54.291,14.236,0,1.856,0.557,None
(ID1340 : ID1351),52,1340,1351,0.302,88.350,53.742,14.282,0,1.831,0.549,None
(ID1351 : ID1360),52,1351,1360,0.411,88.650,53.147,14.282,0,2.136,0.641,None
(ID1360 : ID1367),52,1360,1367,1.023,88.950,52.323,14.236,0,3.371,1.011,None
(ID1255 : ID1266),77,1255,1266,0.838,83.850,27.557,5.493,0,3.052,0.916,None
(ID1266 : ID1275),77,1266,1275,1.014,84.150,26.596,5.493,0,3.357,1.007,None
(ID1275 : ID1284),77,1275,1284,1.014,84.600,25.589,5.493,0,1.678,1.007,None
(ID1284 : ID1288),77,1284,1288,0.687,85.050,25.498,5.447,0,2.763,0.829,None
(ID1288 : ID1290),77,1288,1290,1.886,85.350,26.596,5.402,0,4.578,1.373,None
(ID1290 : ID1298),77,1290,1298,11.508,85.650,25.589,5.310,0,11.308,3.392,None
(ID1298 : ID1303),77,1298,1303,0.084,85.950,23.758,5.173,0,0.965,0.290,None
(ID1303 : ID1311),77,1303,1311,0.679,86.400,23.209,5.127,0,1.373,0.824,None
(ID1311 : ID1315),77,1311,1315,0.444,86.850,22.476,5.035,0,2.222,0.667,None
(ID1315 : ID1318),77,1315,1318,1.796,189.000,21.492,4.852,0,0.007,1.340,None
(ID1318 : ID1324),77,1318,1324,0.363,189.300,20.531,4.715,0,0.003,0.602,None
(ID1324 : ID1329),77,1324,1329,2.221,87.750,19.501,4.807,0,4.968,1.490,None
(ID1329 : ID1338),77,1329,1338,2.850,88.050,17.944,5.127,0,5.627,1.688,None
(ID1338 : ID1344),77,1338,1344,0.008,88.350,17.120,5.264,0,0.305,0.092,None
(ID1344 : ID1358),77,1344,1358,0.302,88.650,16.846,5.219,0,1.831,0.549,None
(ID1358 : ID1363),77,1358,1363,1.014,88.950,16.068,5.219,0,3.357,1.007,None
