Label,ID,TRACK_ID,QUALITY,POSITION_X,POSITION_Y,POSITION_Z,POSITION_T,FRAME,RADIUS,VISIBILITY,MANUAL_COLOR,MEAN_INTENSITY,MEDIAN_INTENSITY,MIN_INTENSITY,MAX_INTENSITY,TOTAL_INTENSITY,STANDARD_DEVIATION,ESTIMATED_DIAMETER,CONTRAST,SNR
ID90,90,0,2130.215,75.989,5.859,0,0.000,0,0.250,1,-10921639,5205.162,4318,1361,11427,192591,2785.876,0.441,0.487,1.224
ID76,76,0,1559.514,75.897,5.768,0,0.300,1,0.250,1,-10921639,4531.865,4244,958,10417,167679,2344.876,0.200,0.354,1.010
ID86,86,0,2094.523,75.806,5.951,0,0.900,3,0.250,1,-10921639,5716.486,5478,1435,12436,211510,2845.164,0.200,0.391,1.130
ID100,100,0,2342.776,75.714,5.859,0,1.200,4,0.250,1,-10921639,6144.486,5888,2670,11002,227346,2288.192,0.441,0.456,1.681
ID112,112,0,1725.656,75.531,5.859,0,1.500,5,0.250,1,-10921639,4614.865,4540,720,9696,170750,2367.855,0.440,0.414,1.141
ID104,104,0,1562.073,75.714,5.951,0,1.800,6,0.250,1,-10921639,4537.135,4306,1342,10040,167874,2113.801,0.442,0.405,1.238
ID96,96,0,2665.700,75.623,5.859,0,2.100,7,0.250,1,-10921639,6933.865,7129,2021,12493,256553,2824.654,0.441,0.476,1.583
ID117,117,0,2363.168,75.257,5.859,0,2.400,8,0.250,1,-10921639,6924.595,6492,2098,13329,256210,2826.173,0.440,0.378,1.345
ID123,123,0,3266.332,75.073,5.859,0,2.700,9,0.250,1,-10921639,7840.405,6946,2426,18287,290095,4130.104,0.441,0.530,1.315
ID125,125,0,2724.482,75.165,5.859,0,3.000,10,0.250,1,-10921639,7377.243,6811,3137,16435,272958,3441.509,0.440,0.445,1.320
ID129,129,0,5078.010,75.257,5.859,0,3.300,11,0.250,1,-10921639,9791.189,7634,1951,28132,362274,7086.076,0.200,0.702,1.140
ID133,133,0,4013.388,75.257,5.859,0,3.600,12,0.250,1,-10921639,8442.432,6316,1946,21372,312370,5289.775,0.200,0.581,1.173
ID136,136,0,3698.654,75.257,5.859,0,3.900,13,0.250,1,-10921639,9052.514,8630,2726,16712,334943,3753.351,0.441,0.486,1.578
ID140,140,0,3558.573,75.165,5.768,0,4.200,14,0.250,1,-10921639,8746.595,7951,1349,21099,323624,4982.109,0.200,0.506,1.179
ID148,148,0,2700.832,75.165,5.951,0,4.500,15,0.250,1,-10921639,6946.973,6709,2516,14007,257038,3157.043,0.440,0.463,1.394
ID157,157,0,3485.091,75.257,5.859,0,4.800,16,0.250,1,-10921639,8280.892,6058,3287,18678,306393,4554.214,0.200,0.491,1.198
ID152,152,0,2568.919,75.165,5.859,0,5.100,17,0.250,1,-10921639,6431.676,6131,1855,14393,237972,3335.901,0.200,0.435,1.170
ID165,165,0,1667.091,74.982,5.859,0,5.400,18,0.250,1,-10921639,5512.541,5330,1833,11095,203964,2323.040,0.442,0.308,1.116
ID176,176,0,2160.066,74.890,5.951,0,5.700,19,0.250,1,-10921639,5906.054,4979,2038,13335,218524,3062.816,0.200,0.374,1.050
ID187,187,0,3293.191,74.982,5.951,0,6.000,20,0.250,1,-10921639,8171.568,6568,2246,19374,302348,4499.136,0.200,0.486,1.188
ID182,182,0,2487.573,74.982,5.951,0,6.300,21,0.250,1,-10921639,7355.703,7415,2578,12355,272161,2528.809,0.442,0.413,1.702
ID192,192,0,3208.177,74.890,5.951,0,6.600,22,0.250,1,-10921639,8003.568,6763,2157,18367,296132,4406.878,0.200,0.442,1.113
ID198,198,0,1973.494,74.982,5.951,0,6.900,23,0.250,1,-10921639,5961.324,5377,2349,11454,220569,2461.422,0.440,0.357,1.274
ID204,204,0,1715.924,75.257,5.768,0,7.200,24,0.250,1,-10921639,5808.649,5987,2571,9380,214920,1829.395,0.441,0.318,1.533
ID210,210,0,3217.758,75.165,5.859,0,7.500,25,0.250,1,-10921639,7718.432,6530,2879,16913,285582,4032.548,0.440,0.508,1.289
ID219,219,0,1525.007,75.257,5.951,0,7.800,26,0.250,1,-10921639,5254.757,5018,1958,8513,194426,1718.813,0.442,0.327,1.508
ID222,222,0,3011.789,75.165,5.768,0,8.100,27,0.250,1,-10921639,6823.216,5741,1962,17593,252459,4058.502,0.200,0.524,1.157
ID226,226,0,2235.431,75.165,5.859,0,8.400,28,0.250,1,-10921639,5363.919,3894,1392,16047,198465,3792.992,0.200,0.545,0.998
ID231,231,0,2510.172,75.257,5.859,0,8.700,29,0.250,1,-10921639,6321.622,6207,2295,11176,233900,2702.327,0.441,0.471,1.499
ID237,237,0,2288.283,75.257,5.768,0,9.000,30,0.250,1,-10921639,6275.865,6069,2075,11268,232207,2569.327,0.441,0.416,1.436
ID240,240,0,2303.499,75.257,5.859,0,9.300,31,0.250,1,-10921639,5607.784,5164,1647,12853,207488,2920.612,0.200,0.484,1.252
ID245,245,0,2525.967,75.348,5.676,0,9.600,32,0.250,1,-10921639,5921.378,5044,1948,11916,219091,2647.136,0.441,0.530,1.549
ID249,249,0,2524.009,74.890,5.859,0,9.900,33,0.250,1,-10921639,6137.378,5197,1188,13933,227083,3414.604,0.441,0.494,1.189
ID256,256,0,2297.287,74.433,5.768,0,10.200,34,0.250,1,-10921639,6586.216,6494,2645,11238,243690,2279.879,0.441,0.401,1.654
ID260,260,0,2127.480,73.975,5.951,0,10.500,35,0.250,1,-10921639,7501.162,7408,3510,11819,277543,2459.600,0.950,0.316,1.465
ID262,262,0,3289.555,72.785,6.042,0,10.800,36,0.250,1,-10921639,10943.541,10930,4684,18487,404911,3852.724,0.441,0.344,1.454
ID267,267,0,5061.511,71.869,5.859,0,11.100,37,0.250,1,-10921639,12923.757,12939,3610,23018,478179,5585.872,0.441,0.477,1.494
ID270,270,0,8356.616,71.320,5.859,0,11.400,38,0.250,1,-10921639,17616.811,17260,1753,42415,651822,11102.818,0.440,0.589,1.177
ID274,274,0,10880.260,70.954,5.859,0,11.700,39,0.250,1,-10921639,20706.541,16517,3124,57352,766142,15014.096,0.200,0.618,1.054
ID279,279,0,9897.395,71.137,5.859,0,12.000,40,0.250,1,-10921639,20293.081,18226,3771,51965,750844,13395.870,0.441,0.635,1.176
ID284,284,0,9846.440,71.137,5.859,0,12.300,41,0.250,1,-10921639,18778.514,14449,3407,56970,694805,13742.303,0.200,0.640,1.066
ID289,289,0,9001.879,71.137,5.859,0,12.600,42,0.250,1,-10921639,17930.649,17156,3858,41260,663434,11001.055,0.442,0.620,1.247
ID295,295,0,9055.746,71.137,5.859,0,12.900,43,0.250,1,-10921639,17581.243,14512,3772,44025,650506,11177.757,0.441,0.627,1.212
ID305,305,0,11791.590,70.954,5.859,0,13.200,44,0.250,1,-10921639,22041.027,19519,3500,60360,815518,16609.446,0.200,0.694,1.087
ID310,310,0,12262.556,71.045,5.859,0,13.500,45,0.250,1,-10921639,22210.189,17268,4256,62423,821777,15906.496,0.200,0.693,1.143
ID312,312,0,11201.402,71.137,5.859,0,13.800,46,0.250,1,-10921639,20649.027,17641,3039,57966,764014,14922.805,0.200,0.703,1.142
ID316,316,0,10667.338,71.045,5.859,0,14.100,47,0.250,1,-10921639,20814.649,17524,5284,60785,770142,14512.202,0.200,0.685,1.166
ID324,324,0,9796.659,70.862,5.859,0,14.400,48,0.250,1,-10921639,19870.676,14301,2568,54007,735215,14696.241,0.200,0.681,1.096
ID319,319,0,11855.621,70.862,5.859,0,14.700,49,0.250,1,-10921639,22423.784,17101,4526,54567,829680,14884.194,0.442,0.671,1.210
ID330,330,0,7665.952,70.862,5.768,0,15.000,50,0.250,1,-10921639,17222.108,14302,3811,41551,637218,10551.874,0.440,0.576,1.193
ID338,338,0,9037.641,70.954,5.859,0,15.300,51,0.250,1,-10921639,19068.324,17318,5011,40985,705528,11459.971,0.441,0.580,1.222
ID344,344,0,9035.674,70.862,5.859,0,15.600,52,0.250,1,-10921639,17837.027,14137,4461,48507,659970,12351.558,0.200,0.659,1.147
ID348,348,0,8549.315,70.770,5.768,0,15.900,53,0.250,1,-10921639,17683.054,12960,4446,46422,654273,12017.966,0.200,0.641,1.150
ID353,353,0,8762.589,70.679,5.768,0,16.200,54,0.250,1,-10921639,17741.892,13176,3129,47225,656450,12761.512,0.200,0.684,1.129
ID363,363,0,8389.546,70.587,5.768,0,16.500,55,0.250,1,-10921639,17609.838,14708,3249,43327,651564,10791.127,0.441,0.631,1.262
ID356,356,0,4350.157,70.038,5.768,0,16.800,56,0.250,1,-10921639,13143.405,13225,4300,22925,486306,4728.361,0.441,0.434,1.682
ID367,367,0,5588.159,69.580,5.676,0,17.100,57,0.250,1,-10921639,12979.838,12126,2738,27332,480254,6607.268,0.441,0.510,1.328
ID372,372,0,6836.731,69.031,5.768,0,17.400,58,0.250,1,-10921639,15611.459,13722,5950,32600,577624,7698.876,0.441,0.560,1.456
ID378,378,0,9085.423,68.848,5.676,0,17.700,59,0.250,1,-10921639,18957.757,16253,3181,42694,701437,11591.120,0.442,0.602,1.229
ID387,387,0,8092.032,68.665,5.768,0,18.000,60,0.250,1,-10921639,16583.243,13851,3411,42012,613580,9780.137,0.200,0.625,1.305
ID374,374,0,6612.314,68.482,5.676,0,18.300,61,0.250,1,-10921639,13211.784,10936,2551,34291,488836,8904.234,0.200,0.653,1.172
ID395,395,0,6219.073,68.482,5.768,0,18.600,62,0.250,1,-10921639,13940.243,12377,2782,30740,515789,8087.215,0.441,0.562,1.240
ID402,402,0,6220.590,68.482,5.676,0,18.900,63,0.250,1,-10921639,13447.189,11742,4661,29428,497546,6986.047,0.441,0.572,1.401
ID400,400,0,4617.767,68.390,5.676,0,19.200,64,0.250,1,-10921639,11390.757,10325,4042,22417,421458,5198.956,0.441,0.487,1.434
ID405,405,0,6893.837,68.573,5.676,0,19.500,65,0.250,1,-10921639,13702.378,11090,3095,36534,506988,9274.979,0.200,0.644,1.157
ID410,410,0,10021.052,68.756,5.676,0,19.800,66,0.250,1,-10921639,19156.162,14723,4037,50230,708778,13503.583,0.200,0.697,1.165
ID422,422,0,7732.003,68.756,5.676,0,20.100,67,0.250,1,-10921639,16232.865,13248,3930,37930,600616,9765.492,0.441,0.623,1.276
ID415,415,0,10312.898,68.756,5.676,0,20.400,68,0.250,1,-10921639,20048.459,16250,4120,49303,741793,12999.357,0.440,0.670,1.237
ID424,424,0,6571.322,69.031,5.676,0,20.700,69,0.250,1,-10921639,14865.405,13379,4061,30640,550020,7797.191,0.441,0.569,1.383
ID428,428,0,7237.166,69.580,5.676,0,21.000,70,0.250,1,-10921639,15552.568,14593,4350,31653,575445,8343.702,0.442,0.581,1.370
ID433,433,0,7749.825,69.672,5.676,0,21.300,71,0.250,1,-10921639,16270.730,12118,3496,41396,602017,10645.139,0.440,0.644,1.197
ID438,438,0,8720.600,69.672,5.676,0,21.600,72,0.250,1,-10921639,16944.892,12577,4645,46174,626961,11306.035,0.200,0.662,1.194
ID442,442,0,7870.241,69.672,5.676,0,21.900,73,0.250,1,-10921639,16152.378,13456,4325,35394,597638,9253.787,0.442,0.627,1.345
ID448,448,0,4557.201,69.489,5.676,0,22.200,74,0.250,1,-10921639,11338.297,11289,2608,22428,419517,5472.286,0.440,0.475,1.335
ID454,454,0,9490.175,68.939,5.676,0,22.500,75,0.250,1,-10921639,18522.135,14526,3098,43632,685319,11972.582,0.442,0.645,1.213
ID461,461,0,10154.100,68.848,5.676,0,22.800,76,0.250,1,-10921639,19829.919,16856,2934,53264,733707,14618.590,0.442,0.665,1.084
ID472,472,0,9800.852,68.848,5.676,0,23.100,77,0.250,1,-10921639,19983.811,15686,4866,46223,739401,12542.830,0.442,0.631,1.232
ID465,465,0,9905.250,68.665,5.768,0,23.400,78,0.250,1,-10921639,18228.243,13781,2463,55752,674445,14015.677,0.200,0.698,1.069
ID476,476,0,7774.629,68.573,5.768,0,23.700,79,0.250,1,-10921639,15640.135,12526,3549,42964,578685,10762.889,0.200,0.636,1.130
ID481,481,0,5609.715,68.299,5.768,0,24.000,80,0.250,1,-10921639,12296.297,11695,3675,26970,454963,6461.019,0.440,0.544,1.340
ID483,483,0,6341.177,67.932,5.768,0,24.300,81,0.250,1,-10921639,13263.784,11734,3300,30318,490760,7779.190,0.442,0.587,1.261
ID487,487,0,6322.648,67.749,5.676,0,24.600,82,0.250,1,-10921639,13385.486,11923,3671,30620,495263,7674.636,0.441,0.594,1.300
ID492,492,0,5554.903,67.475,5.676,0,24.900,83,0.250,1,-10921639,12210.811,10273,4212,26131,451800,6219.375,0.440,0.564,1.416
ID497,497,0,4755.282,67.200,5.768,0,25.200,84,0.250,1,-10921639,11539.135,10041,4710,21019,426948,4735.117,0.442,0.523,1.673
ID500,500,0,7618.782,66.742,5.768,0,25.500,85,0.250,1,-10921639,15935.027,12329,4293,37670,589596,9696.113,0.441,0.636,1.277
ID506,506,0,6075.407,66.193,5.768,0,25.800,86,0.250,1,-10921639,12916.270,11110,3088,32236,477902,8087.752,0.200,0.539,1.119
ID509,509,0,4865.368,65.827,5.768,0,26.100,87,0.250,1,-10921639,11169.730,10980,4556,20556,413280,4797.145,0.441,0.519,1.591
ID512,512,0,8717.602,65.277,5.768,0,26.400,88,0.250,1,-10921639,17304.973,14635,2761,38248,640284,10420.864,0.441,0.647,1.304
ID521,521,0,6097.521,64.911,5.859,0,26.700,89,0.250,1,-10921639,14518.946,12861,3762,31632,537201,7543.183,0.441,0.496,1.277
ID522,522,0,10880.915,64.728,5.768,0,27.000,90,0.250,1,-10921639,20159.270,15091,2039,57905,745893,15233.969,0.200,0.705,1.094
ID527,527,0,7977.387,64.728,5.859,0,27.300,91,0.250,1,-10921639,16800.351,15517,4770,38878,621613,9465.869,0.441,0.617,1.354
ID531,531,0,9814.104,64.728,5.768,0,27.600,92,0.250,1,-10921639,19162.459,13733,2280,51320,709011,14052.402,0.200,0.662,1.087
ID532,532,0,8970.135,64.728,5.859,0,27.900,93,0.250,1,-10921639,19335.162,16022,5188,40583,715401,11068.574,0.441,0.606,1.318
ID535,535,0,6627.016,64.636,5.768,0,28.200,94,0.250,1,-10921639,15218.324,13419,1707,34015,563078,9021.253,0.441,0.505,1.132
ID538,538,0,9298.782,64.362,5.768,0,28.500,95,0.250,1,-10921639,19912.405,17332,5370,40162,736759,10174.055,0.441,0.566,1.415
ID544,544,0,6815.156,63.446,5.768,0,28.800,96,0.250,1,-10921639,15981.027,14753,4269,31673,591298,7787.851,0.442,0.539,1.437
ID549,549,0,10601.208,63.080,5.768,0,29.100,97,0.250,1,-10921639,20163.649,16948,3655,52059,746055,13909.688,0.200,0.675,1.168
ID551,551,0,2279.334,62.073,5.951,0,29.400,98,0.250,1,-10921639,8179.892,8612,3150,11735,302656,2575.399,0.442,0.292,1.436
ID552,552,0,7449.959,61.341,5.859,0,29.700,99,0.250,1,-10921639,18335.622,18529,2943,38045,678418,9545.541,0.439,0.463,1.216
ID555,555,0,9205.134,60.883,5.859,0,30.000,100,0.250,1,-10921639,19562.865,17790,4980,41684,723826,10308.769,0.441,0.572,1.381
ID557,557,0,10222.370,60.608,5.859,0,30.300,101,0.250,1,-10921639,20696.162,18009,3621,49751,765758,13534.355,0.442,0.588,1.132
ID561,561,0,7103.051,60.150,5.859,0,30.600,102,0.250,1,-10921639,17503.946,16094,6451,36096,647646,8062.429,0.441,0.475,1.399
ID563,563,0,6519.963,59.509,5.951,0,30.900,103,0.250,1,-10921639,16639.568,17109,3921,31648,615664,7593.563,0.440,0.445,1.351
ID566,566,0,7476.593,59.143,5.951,0,31.200,104,0.250,1,-10921639,17130.216,14829,3499,35416,633818,9310.274,0.440,0.483,1.198
ID568,568,0,9497.014,58.869,5.951,0,31.500,105,0.250,1,-10921639,20506.054,18500,3237,48940,758724,12439.382,0.441,0.563,1.187
ID572,572,0,9973.571,58.685,5.951,0,31.800,106,0.250,1,-10921639,20734.946,19029,3026,49018,767193,12764.511,0.200,0.574,1.185
ID575,575,0,11403.730,58.136,5.951,0,32.100,107,0.250,1,-10921639,23819.703,16925,4544,61312,881329,16445.365,0.441,0.657,1.149
ID579,579,0,8415.115,57.770,5.859,0,32.400,108,0.250,1,-10921639,18496.324,15913,4213,42609,684364,10668.374,0.441,0.581,1.274
ID582,582,0,3959.880,57.129,5.951,0,32.700,109,0.250,1,-10921639,10861.919,10787,4785,16507,401891,3662.469,0.441,0.435,1.798
ID583,583,0,5474.793,56.671,5.951,0,33.000,110,0.250,1,-10921639,12408.351,11682,3997,25856,459109,6563.217,0.440,0.550,1.341
ID585,585,0,4592.215,56.305,5.859,0,33.300,111,0.250,1,-10921639,10179.919,8524,2097,24335,376657,6485.900,0.441,0.579,1.151
ID586,586,0,4428.160,55.756,5.859,0,33.600,112,0.250,1,-10921639,10560.838,8572,3574,23686,390751,5382.009,0.441,0.506,1.319
ID587,587,0,3692.973,55.573,5.768,0,33.900,113,0.250,1,-10921639,8888.459,8200,3864,19093,328873,4233.395,0.441,0.509,1.417
ID591,591,0,3428.593,55.023,5.676,0,34.200,114,0.250,1,-10921639,9455.378,8825,3218,20745,349849,4621.967,0.441,0.449,1.267
ID594,594,0,3230.572,54.657,5.676,0,34.500,115,0.250,1,-10921639,7595.973,6367,2022,17447,281051,4234.356,0.439,0.545,1.266
ID599,599,0,2654.909,54.474,5.768,0,34.800,116,0.250,1,-10921639,7152.676,6572,1394,15933,264649,3740.224,0.440,0.414,1.119
ID605,605,0,1905.613,54.291,5.768,0,35.100,117,0.250,1,-10921639,6540.757,5567,1831,14164,242008,3290.822,0.439,0.312,0.945
ID607,607,0,3257.050,54.016,5.859,0,35.400,118,0.250,1,-10921639,7589.649,5782,2147,18890,280817,4714.008,0.440,0.595,1.201
ID613,613,0,1826.838,53.925,5.951,0,35.700,119,0.250,1,-10921639,5353.054,5552,1349,9092,198063,2209.275,0.441,0.404,1.394
ID4088,4088,0,-1.000,53.375,6.088,0,120.000,120,0.250,1,-10921639,4282.459,4102,2226,6280,158451,1078.119,0.441,0.316,1.909
ID4094,4094,0,-1.000,53.009,6.271,0,121.000,121,0.250,1,-10921639,3760.703,3772,1514,6249,139146,1367.768,0.441,0.302,1.275
ID623,623,0,2721.446,51.819,6.317,0,36.900,123,0.250,1,-10921639,6070.324,4619,1798,15748,224602,3896.382,0.200,0.573,1.135
ID626,626,0,1534.679,51.544,6.226,0,124.000,124,0.250,1,-10921639,4924.784,4965,1915,8500,182217,2111.663,0.699,0.234,0.884
ID629,629,0,2479.595,51.361,6.226,0,37.500,125,0.250,1,-10921639,6280.351,4812,2303,15457,232373,3508.039,0.200,0.401,1.025
ID631,631,0,1683.076,51.270,6.134,0,37.800,126,0.250,1,-10921639,4970.622,4758,1423,8557,183913,2018.018,0.440,0.362,1.311
ID632,632,0,1922.472,51.453,6.226,0,38.100,127,0.250,1,-10921639,5906.243,5495,1996,12103,218531,2773.632,0.200,0.323,1.040
ID636,636,0,1783.550,51.453,6.226,0,38.700,129,0.250,1,-10921639,5356.811,5310,2265,9462,198202,1991.737,0.442,0.374,1.465
ID638,638,0,2191.740,51.544,6.317,0,39.000,130,0.250,1,-10921639,6052.216,5884,1044,12774,223932,2999.309,0.200,0.395,1.142
ID642,642,0,2885.840,51.544,6.317,0,39.300,131,0.250,1,-10921639,7099.081,6074,2276,16832,262666,3776.513,0.200,0.473,1.207
ID647,647,0,2125.654,51.453,6.317,0,39.600,132,0.250,1,-10921639,6037.459,5486,2302,11425,223386,2440.998,0.441,0.396,1.402
ID650,650,0,2007.382,51.270,6.134,0,39.900,133,0.250,1,-10921639,5920.297,5833,1488,10307,219051,2353.403,0.442,0.352,1.309
ID656,656,0,1714.313,51.178,6.226,0,40.200,134,0.250,1,-10921639,5138.297,5236,1368,8706,190117,2018.364,0.439,0.370,1.375
ID659,659,0,2054.669,51.270,6.317,0,40.500,135,0.250,1,-10921639,5515.838,5248,1741,11815,204086,2708.616,0.441,0.404,1.173
ID661,661,0,2384.688,51.544,6.226,0,40.800,136,0.250,1,-10921639,6166.784,5636,2191,13573,228171,3098.838,0.440,0.437,1.211
ID664,664,0,1787.302,51.544,6.317,0,41.100,137,0.250,1,-10921639,5091.892,4640,1899,9987,188400,2318.838,0.441,0.378,1.204
ID665,665,0,2356.924,51.270,6.226,0,41.400,138,0.250,1,-10921639,5610.108,4875,1676,13852,207574,3178.914,0.440,0.495,1.169
ID669,669,0,2190.260,51.178,6.226,0,41.700,139,0.250,1,-10921639,6132.378,5251,2440,13314,226898,2773.437,0.200,0.406,1.276
ID667,667,0,2477.627,51.178,6.317,0,42.000,140,0.250,1,-10921639,6212.405,5920,1043,13757,229859,3165.890,0.440,0.474,1.263
ID674,674,0,2230.785,51.087,6.317,0,42.300,141,0.250,1,-10921639,5805.405,4829,1828,11813,214800,2835.248,0.441,0.483,1.334
ID678,678,0,2171.296,51.087,6.226,0,42.600,142,0.250,1,-10921639,5738.108,5132,1838,11072,212310,2562.126,0.441,0.437,1.362
ID686,686,0,2199.448,51.087,6.226,0,42.900,143,0.250,1,-10921639,6231.892,5483,2403,13120,230580,2901.131,0.200,0.383,1.190
ID682,682,0,2746.018,50.629,6.226,0,43.200,144,0.250,1,-10921639,8094.135,7496,3358,14124,299483,3184.170,0.443,0.366,1.363
ID688,688,0,4826.748,50.537,6.317,0,43.500,145,0.250,1,-10921639,12141.784,11023,4783,22527,449246,4936.213,0.441,0.487,1.611
ID690,690,0,4054.293,50.446,6.317,0,43.800,146,0.250,1,-10921639,10898.000,10190,2838,22000,403226,4923.944,0.441,0.400,1.265
ID697,697,0,5408.213,49.896,6.317,0,44.100,147,0.250,1,-10921639,13274.054,11881,5927,26446,491140,5975.711,0.441,0.508,1.496
ID695,695,0,3869.991,48.981,6.409,0,44.400,148,0.250,1,-10921639,10999.784,10528,2846,19616,406992,4621.849,0.950,0.373,1.294
ID699,699,0,3608.967,48.340,6.409,0,44.700,149,0.250,1,-10921639,8682.162,7636,2706,18630,321240,4467.831,0.440,0.533,1.351
ID701,701,0,2853.222,47.608,6.317,0,45.000,150,0.250,1,-10921639,8209.162,8165,2062,15554,303739,3845.508,0.437,0.370,1.154
ID704,704,0,4291.833,47.241,6.317,0,45.300,151,0.250,1,-10921639,10480.703,8522,3416,22785,387786,5453.260,0.441,0.519,1.313
ID706,706,0,3147.474,46.417,6.409,0,45.600,152,0.250,1,-10921639,8419.081,7304,3236,17083,311506,3733.431,0.441,0.424,1.343
ID709,709,0,3228.052,45.960,6.500,0,45.900,153,0.250,1,-10921639,10687.919,10374,5195,16868,395453,3464.028,0.441,0.331,1.535
ID712,712,0,5590.362,45.593,6.409,0,46.200,154,0.250,1,-10921639,13096.973,12122,4020,26169,484588,6050.576,0.442,0.521,1.483
ID716,716,0,4255.538,46.051,6.409,0,46.500,155,0.250,1,-10921639,11019.676,10958,2772,22437,407728,5395.614,0.442,0.444,1.257
ID721,721,0,5237.850,46.143,6.409,0,46.800,156,0.250,1,-10921639,11924.297,10627,1982,26110,441199,6350.209,0.441,0.540,1.318
ID724,724,0,1896.116,45.685,6.409,0,47.100,157,0.250,1,-10921639,7639.568,8094,2126,13207,282664,2903.364,0.699,0.262,1.091
ID722,722,0,3533.507,45.136,6.317,0,47.400,158,0.250,1,-10921639,9011.189,8625,2060,16574,333414,3812.716,0.441,0.473,1.519
ID728,728,0,4768.875,45.319,6.409,0,47.700,159,0.250,1,-10921639,11592.000,10864,4182,22007,428904,5321.397,0.441,0.498,1.449
ID731,731,0,2938.837,45.136,6.317,0,48.000,160,0.250,1,-10921639,8137.270,7065,2660,15560,301079,3447.997,0.442,0.403,1.356
ID735,735,0,2704.527,44.861,6.317,0,48.300,161,0.250,1,-10921639,6896.946,6131,2162,13331,255187,3061.847,0.440,0.497,1.496
ID732,732,0,1713.537,44.403,6.226,0,48.600,162,0.250,1,-10921639,6267.081,6148,2985,10100,231882,1906.544,0.442,0.301,1.520
ID737,737,0,2703.409,44.220,6.134,0,48.900,163,0.250,1,-10921639,7437.324,6746,2471,16376,275181,3441.916,0.441,0.430,1.300
ID739,739,0,1871.669,44.129,6.226,0,49.200,164,0.250,1,-10921639,6161.676,6018,1828,10375,227982,2174.966,0.443,0.342,1.443
ID746,746,0,2101.723,44.586,6.226,0,49.500,165,0.250,1,-10921639,6584.757,6327,1943,12562,243636,2681.520,0.441,0.326,1.208
ID742,742,0,2003.201,44.586,6.134,0,49.800,166,0.250,1,-10921639,6393.162,6015,1341,11144,236547,2640.992,0.440,0.313,1.153
ID750,750,0,1968.921,44.403,6.134,0,50.100,167,0.250,1,-10921639,6358.514,6422,2730,11704,235265,2377.656,0.440,0.329,1.323
ID751,751,0,1611.424,44.220,6.317,0,50.400,168,0.250,1,-10921639,5530.811,5507,1904,9381,204640,2020.601,0.441,0.287,1.219
ID752,752,0,1607.256,43.945,6.226,0,50.700,169,0.250,1,-10921639,5947.243,6149,2435,9132,220048,1710.039,0.444,0.287,1.549
ID754,754,0,1545.693,43.579,6.226,0,51.000,170,0.250,1,-10921639,5482.459,5389,3060,8849,202851,1573.197,0.441,0.293,1.580
ID755,755,0,3182.081,43.945,6.134,0,51.300,171,0.250,1,-10921639,8082.811,7530,3303,14925,299064,3335.838,0.441,0.478,1.567
ID759,759,0,2231.095,43.854,6.317,0,51.600,172,0.250,1,-10921639,6520.162,5763,2607,12925,241246,2778.261,0.441,0.384,1.303
ID760,760,0,1726.993,43.945,6.226,0,51.900,173,0.250,1,-10921639,5616.432,5193,2273,10305,207808,2251.322,0.950,0.324,1.220
ID761,761,0,2665.388,43.854,6.226,0,52.200,174,0.250,1,-10921639,6925.541,5556,2134,15578,256245,3698.630,0.200,0.431,1.128
ID764,764,0,1872.901,44.037,6.134,0,52.500,175,0.250,1,-10921639,6018.432,5908,2715,9215,222682,1754.090,0.442,0.374,1.870
ID766,766,0,1835.562,44.220,6.134,0,52.800,176,0.250,1,-10921639,5089.514,4826,859,10381,188312,2294.768,0.439,0.423,1.319
ID769,769,0,2877.612,43.762,6.226,0,53.100,177,0.250,1,-10921639,6838.973,6124,2184,16417,253042,3906.143,0.200,0.493,1.156
ID774,774,0,3159.138,43.579,6.134,0,53.400,178,0.250,1,-10921639,7709.649,6797,1940,19972,285257,4762.769,0.200,0.475,1.043
ID778,778,0,3181.565,43.488,6.134,0,53.700,179,0.250,1,-10921639,7766.297,6438,2824,19271,287353,4448.704,0.200,0.481,1.134
ID780,780,0,2737.202,43.305,6.226,0,54.000,180,0.250,1,-10921639,7001.541,5540,2620,17545,259057,4086.071,0.200,0.454,1.071
ID784,784,0,2510.910,42.481,6.226,0,54.600,182,0.250,1,-10921639,6846.730,5828,1200,18548,253329,4292.069,0.200,0.401,0.914
ID790,790,0,4234.209,42.114,6.134,0,54.900,183,0.250,1,-10921639,9876.595,8463,2524,22071,365434,5272.015,0.441,0.525,1.291
ID793,793,0,4289.093,41.931,6.226,0,55.200,184,0.250,1,-10921639,11093.946,8479,4003,27167,410476,6132.000,0.200,0.426,1.082
ID799,799,0,3966.923,41.474,6.226,0,55.500,185,0.250,1,-10921639,10196.676,8584,1982,29014,377277,6539.210,0.200,0.408,0.904
ID796,796,0,3158.716,41.474,6.134,0,55.800,186,0.250,1,-10921639,8884.027,8607,4212,15539,328709,3384.116,0.442,0.400,1.501
ID805,805,0,2904.239,41.474,6.134,0,56.100,187,0.250,1,-10921639,8967.459,8795,3650,14294,331796,2826.298,0.442,0.357,1.671
ID809,809,0,5097.910,40.924,5.859,0,56.400,188,0.250,1,-10921639,11336.703,10024,2809,23994,419458,6527.210,0.442,0.512,1.176
ID827,827,0,9366.548,40.741,5.859,0,56.700,189,0.250,1,-10921639,19294.000,17721,3272,42560,713878,12056.208,0.442,0.644,1.254
ID820,820,0,9352.742,40.741,5.859,0,57.000,190,0.250,1,-10921639,18546.135,12368,3011,57351,686207,14910.724,0.200,0.678,1.005
ID833,833,0,9237.937,40.650,5.859,0,57.300,191,0.250,1,-10921639,18069.946,14157,1802,52737,668588,13633.643,0.200,0.672,1.065
ID829,829,0,8333.060,40.833,5.859,0,57.600,192,0.250,1,-10921639,16241.000,14769,4309,42654,600917,10773.353,0.200,0.659,1.197
ID843,843,0,8497.072,40.924,5.859,0,57.900,193,0.250,1,-10921639,17630.811,14190,4522,48606,652340,11451.571,0.200,0.645,1.208
ID839,839,0,9081.704,40.833,5.859,0,58.200,194,0.250,1,-10921639,17516.892,13217,3678,44014,648125,11823.111,0.441,0.633,1.148
ID845,845,0,10660.895,40.924,5.859,0,58.500,195,0.250,1,-10921639,20781.000,17053,2715,51488,768897,14774.809,0.441,0.688,1.147
ID851,851,0,10411.375,40.924,5.859,0,58.800,196,0.250,1,-10921639,19611.649,13614,3032,59185,725631,16048.337,0.200,0.728,1.029
ID860,860,0,9687.340,41.016,5.859,0,59.100,197,0.250,1,-10921639,19480.838,16307,4055,50891,720791,13409.313,0.200,0.654,1.148
ID866,866,0,8987.633,40.833,5.859,0,59.400,198,0.250,1,-10921639,18563.730,14636,1510,50000,686858,12600.385,0.440,0.628,1.137
ID874,874,0,10848.432,40.924,5.859,0,59.700,199,0.250,1,-10921639,19896.108,14027,3765,65535,736156,15927.881,0.200,0.714,1.041
ID883,883,0,10396.835,40.924,5.859,0,60.000,200,0.250,1,-10921639,21079.649,16277,4994,53298,779947,13425.685,0.441,0.640,1.226
ID890,890,0,8244.144,40.741,5.768,0,60.300,201,0.250,1,-10921639,16910.378,14513,3574,42211,625684,10913.724,0.441,0.596,1.157
ID897,897,0,8898.913,40.833,5.859,0,60.600,202,0.250,1,-10921639,17121.838,12599,2477,48660,633508,12740.046,0.200,0.682,1.090
ID904,904,0,8184.435,40.741,5.859,0,60.900,203,0.250,1,-10921639,16472.595,12732,3917,49722,609486,11990.145,0.200,0.625,1.057
ID910,910,0,6447.466,40.558,5.768,0,61.200,204,0.250,1,-10921639,14086.946,12053,2750,32272,521217,8081.769,0.441,0.561,1.253
ID919,919,0,6314.372,39.642,5.859,0,61.500,205,0.250,1,-10921639,15042.459,13658,4202,31374,556571,7099.087,0.440,0.510,1.432
ID924,924,0,4488.215,39.276,5.859,0,61.800,206,0.250,1,-10921639,11735.027,11450,2751,23843,434196,5657.177,0.440,0.488,1.360
ID936,936,0,5964.017,38.452,5.859,0,62.100,207,0.250,1,-10921639,14928.135,16653,3695,28037,552341,6784.432,0.441,0.474,1.415
ID948,948,0,6161.380,37.994,5.768,0,62.400,208,0.250,1,-10921639,13316.270,10870,2047,33275,492702,8286.129,0.200,0.544,1.133
ID956,956,0,6167.545,37.445,5.768,0,62.700,209,0.250,1,-10921639,14145.027,12829,5586,28369,523366,6842.067,0.442,0.557,1.479
ID962,962,0,7846.123,37.445,5.768,0,63.000,210,0.250,1,-10921639,16167.135,12851,3417,45061,598184,11243.543,0.200,0.646,1.128
ID970,970,0,6234.327,37.354,5.768,0,63.300,211,0.250,1,-10921639,14045.784,12495,2485,31526,519694,7859.945,0.443,0.543,1.258
ID973,973,0,6445.666,37.171,5.768,0,63.600,212,0.250,1,-10921639,14316.703,11691,3796,33233,529718,7844.415,0.441,0.558,1.307
ID977,977,0,8410.067,36.804,5.768,0,63.900,213,0.250,1,-10921639,17585.757,15548,3889,38912,650673,9855.903,0.441,0.613,1.357
ID984,984,0,6342.811,36.072,5.768,0,64.200,214,0.250,1,-10921639,15117.405,14072,4888,31689,559344,7119.566,0.440,0.503,1.422
ID993,993,0,6072.760,35.706,5.676,0,64.500,215,0.250,1,-10921639,14110.243,12116,3741,28795,522079,7399.625,0.442,0.536,1.330
ID1002,1002,0,7570.187,35.339,5.676,0,64.800,216,0.250,1,-10921639,16339.514,13947,4181,39937,604562,10022.803,0.440,0.576,1.191
ID1006,1006,0,7777.391,35.431,5.676,0,65.100,217,0.250,1,-10921639,16015.108,15466,3548,33789,592559,8665.787,0.441,0.569,1.340
ID1012,1012,0,7416.806,35.431,5.676,0,65.400,218,0.250,1,-10921639,16223.270,14172,5807,38797,600261,9032.658,0.440,0.586,1.327
ID1021,1021,0,4381.474,35.065,5.585,0,65.700,219,0.250,1,-10921639,11345.784,11131,3988,21857,419794,4783.949,0.441,0.460,1.495
ID1023,1023,0,5261.347,34.790,5.585,0,66.000,220,0.250,1,-10921639,12524.270,11163,3963,25551,463398,6363.391,0.441,0.517,1.342
ID1030,1030,0,4870.653,34.607,5.493,0,66.300,221,0.250,1,-10921639,12269.919,11680,4690,22423,453987,4846.022,0.441,0.466,1.609
ID1036,1036,0,5917.865,34.699,5.585,0,66.600,222,0.250,1,-10921639,12690.081,10168,2399,29815,469533,7674.757,0.440,0.589,1.225
ID1041,1041,0,7068.329,34.607,5.585,0,66.900,223,0.250,1,-10921639,14436.162,10904,2851,37994,534138,10177.689,0.200,0.639,1.106
ID1045,1045,0,7411.772,34.699,5.585,0,67.200,224,0.250,1,-10921639,15124.784,11701,4193,43472,559617,10307.427,0.200,0.625,1.128
ID1049,1049,0,6951.239,34.699,5.585,0,67.500,225,0.250,1,-10921639,15590.595,12804,4331,38723,576852,9625.509,0.200,0.557,1.159
ID1053,1053,0,5246.905,34.790,5.493,0,67.800,226,0.250,1,-10921639,12691.216,9428,4032,30679,469575,7321.264,0.441,0.547,1.226
ID1060,1060,0,5558.605,34.699,5.585,0,68.100,227,0.250,1,-10921639,12571.243,9899,2712,31619,465136,7971.792,0.200,0.569,1.144
ID1074,1074,0,6502.495,34.607,5.585,0,68.400,228,0.250,1,-10921639,14263.459,11764,4081,33813,527748,8603.957,0.441,0.557,1.186
ID1066,1066,0,3117.937,34.058,5.310,0,68.700,229,0.250,1,-10921639,8375.892,7887,1945,18261,309908,4300.454,0.200,0.343,0.996
ID1083,1083,0,4612.287,33.692,5.219,0,69.000,230,0.250,1,-10921639,11100.595,9579,2740,25436,410722,6358.540,0.441,0.516,1.189
ID1078,1078,0,4121.816,33.234,5.127,0,69.300,231,0.250,1,-10921639,9692.000,8493,1552,25170,358604,5905.003,0.200,0.470,1.049
ID1086,1086,0,2886.805,33.051,5.127,0,69.600,232,0.250,1,-10921639,7779.919,7085,1397,14046,287857,3474.942,0.440,0.416,1.315
ID1093,1093,0,2209.645,32.868,5.219,0,69.900,233,0.250,1,-10921639,6463.838,5735,2746,13036,239162,2656.529,0.440,0.390,1.366
ID93,93,2,4567.565,53.742,14.740,0,0.000,0,0.250,1,-10921639,13194.405,13782,6642,18539,488193,3722.482,0.443,0.431,2.135
ID80,80,2,2465.213,53.559,14.832,0,0.300,1,0.250,1,-10921639,7809.081,7081,2007,17429,288936,3834.868,0.200,0.316,0.978
ID84,84,2,2451.735,52.918,14.648,0,0.600,2,0.250,1,-10921639,7611.270,6928,2737,15454,281617,3324.652,0.200,0.332,1.142
ID89,89,2,3006.041,51.911,14.465,0,0.900,3,0.250,1,-10921639,9124.459,9213,1953,15224,337605,3617.339,0.441,0.358,1.329
ID101,101,2,2487.540,51.270,14.282,0,1.200,4,0.250,1,-10921639,9098.811,9214,2593,15546,336656,3285.582,0.442,0.235,1.054
ID115,115,2,2034.233,50.629,14.374,0,1.500,5,0.250,1,-10921639,8612.270,8755,4426,11922,318654,2056.982,0.443,0.264,1.751
ID108,108,2,1825.345,49.896,14.282,0,1.800,6,0.250,1,-10921639,5383.676,4583,1120,12834,199196,3160.485,0.200,0.356,0.894
ID4117,4117,2,-1.000,49.347,14.603,0,7.000,7,0.250,1,-10921639,5419.676,5135,2988,9352,200528,1684.952,0.950,0.093,0.545
ID119,119,2,1558.849,49.347,14.557,0,2.400,8,0.250,1,-10921639,5283.676,4820,2474,9953,195496,2130.791,0.438,0.320,1.204
ID126,126,2,2025.430,48.157,14.557,0,3.000,10,0.250,1,-10921639,7857.216,7941,3550,11848,290717,2355.526,0.443,0.257,1.366
ID131,131,2,3001.390,47.516,14.465,0,3.300,11,0.250,1,-10921639,9149.514,8547,3400,18028,338532,3926.799,0.442,0.340,1.183
ID134,134,2,2605.681,47.516,14.465,0,3.600,12,0.250,1,-10921639,8160.297,8024,3362,14938,301931,3053.150,0.950,0.335,1.341
ID138,138,2,2035.618,47.150,14.374,0,3.900,13,0.250,1,-10921639,7589.757,7034,3588,11575,280821,2037.842,0.441,0.285,1.654
ID143,143,2,2944.537,45.868,14.465,0,4.200,14,0.250,1,-10921639,8635.000,8660,1961,16140,319495,3784.625,0.440,0.357,1.200
ID150,150,2,2703.270,45.227,14.557,0,4.500,15,0.250,1,-10921639,8458.081,9294,1799,13436,312949,3202.123,0.950,0.333,1.320
ID160,160,2,4814.077,44.312,14.465,0,4.800,16,0.250,1,-10921639,13022.919,12549,5459,23065,481848,5106.142,0.441,0.443,1.566
ID154,154,2,3189.019,44.129,14.465,0,5.100,17,0.250,1,-10921639,10570.757,10894,3791,17646,391118,3313.938,0.441,0.355,1.673
ID4111,4111,2,-1.000,42.847,14.557,0,18.000,18,0.250,1,-10921639,5373.649,5214,2932,8332,198825,1469.119,0.950,0.054,0.372
ID179,179,2,2674.537,41.931,14.465,0,5.700,19,0.250,1,-10921639,8858.730,9044,2260,15775,327773,3172.000,0.442,0.364,1.492
ID188,188,2,2839.152,40.924,14.282,0,6.000,20,0.250,1,-10921639,8890.946,9022,1711,17432,328965,4055.630,0.200,0.322,1.069
ID183,183,2,3042.151,40.283,14.374,0,6.300,21,0.250,1,-10921639,8964.405,8829,3033,16953,331683,3795.935,0.950,0.343,1.206
ID194,194,2,2920.353,38.910,14.465,0,6.600,22,0.250,1,-10921639,8392.892,8002,3980,14172,310537,3010.009,0.441,0.398,1.588
ID200,200,2,3390.189,37.537,14.374,0,6.900,23,0.250,1,-10921639,10022.892,9558,3021,17859,370847,4177.914,0.441,0.356,1.259
ID207,207,2,4086.098,36.438,14.099,0,7.200,24,0.250,1,-10921639,11451.703,10649,3964,19562,423713,4603.004,0.441,0.390,1.396
ID213,213,2,5349.430,35.980,14.099,0,7.500,25,0.250,1,-10921639,14783.459,14499,3676,27873,546988,6522.851,0.440,0.395,1.285
ID221,221,2,4736.892,35.614,14.099,0,7.800,26,0.250,1,-10921639,12284.514,11203,4139,24125,454527,5594.397,0.440,0.426,1.312
ID223,223,2,4676.360,35.065,14.099,0,8.100,27,0.250,1,-10921639,15820.216,16063,8133,22616,585348,3898.987,0.950,0.337,2.047
ID227,227,2,2705.215,34.241,14.191,0,8.400,28,0.250,1,-10921639,11042.973,11932,6067,15020,408590,2474.762,0.441,0.264,1.863
ID234,234,2,4753.838,33.417,14.008,0,8.700,29,0.250,1,-10921639,12049.108,12114,3487,21606,445817,5398.916,0.441,0.459,1.404
ID239,239,2,6171.176,33.051,14.099,0,9.000,30,0.250,1,-10921639,13585.541,13330,2812,32811,502665,7913.976,0.200,0.517,1.171
ID241,241,2,6243.351,32.959,14.099,0,9.300,31,0.250,1,-10921639,13808.541,11684,3344,37575,510916,8771.657,0.200,0.540,1.104
ID246,246,2,6075.047,33.051,14.099,0,9.600,32,0.250,1,-10921639,15280.081,14016,4982,30136,565363,7333.105,0.442,0.489,1.369
ID253,253,2,6110.565,32.959,14.099,0,9.900,33,0.250,1,-10921639,14641.351,12930,4154,28805,541730,7048.869,0.442,0.502,1.388
ID258,258,2,5649.292,32.868,14.099,0,10.200,34,0.250,1,-10921639,13494.189,11740,3307,29347,499285,7087.363,0.441,0.527,1.314
ID261,261,2,3433.726,32.776,14.099,0,10.500,35,0.250,1,-10921639,10223.730,9880,3749,17773,378278,3962.190,0.950,0.351,1.340
ID263,263,2,4672.390,31.769,14.099,0,10.800,36,0.250,1,-10921639,13526.811,13696,3208,24076,500492,5760.239,0.950,0.390,1.317
ID268,268,2,4883.445,31.403,14.099,0,11.100,37,0.250,1,-10921639,12332.270,11385,2483,26229,456294,6139.804,0.440,0.443,1.233
ID271,271,2,5433.574,31.036,14.099,0,11.400,38,0.250,1,-10921639,12597.514,11343,2444,27218,466108,7032.540,0.441,0.545,1.264
ID276,276,2,6124.218,31.036,14.099,0,11.700,39,0.250,1,-10921639,14008.432,11324,3061,35355,518312,8963.847,0.200,0.540,1.095
ID281,281,2,1665.153,29.572,14.008,0,12.000,40,0.250,1,-10921639,5744.541,5597,1721,11783,212548,2403.425,0.200,0.314,1.143
ID285,285,2,2722.276,28.015,13.733,0,12.300,41,0.250,1,-10921639,7903.568,8450,1048,16333,292432,4551.301,0.437,0.415,1.018
ID291,291,2,2211.358,26.917,13.825,0,12.600,42,0.250,1,-10921639,8005.405,7898,1357,14367,296200,3400.133,0.950,0.285,1.043
ID296,296,2,2468.994,26.184,13.733,0,12.900,43,0.250,1,-10921639,6731.946,6519,1678,14532,249082,3394.579,0.200,0.395,1.124
ID308,308,2,1900.167,25.360,13.916,0,13.200,44,0.250,1,-10921639,6194.027,5408,1835,11063,229179,2472.828,0.440,0.322,1.219
ID311,311,2,2272.743,24.811,13.733,0,13.500,45,0.250,1,-10921639,7263.027,7066,1968,12783,268732,3024.619,0.441,0.318,1.159
ID315,315,2,1930.867,23.987,13.733,0,13.800,46,0.250,1,-10921639,6250.514,6232,1558,11357,231269,2616.295,0.442,0.344,1.223
ID317,317,2,2048.446,22.980,13.184,0,14.100,47,0.250,1,-10921639,6025.703,5060,1895,13484,222951,3169.314,0.200,0.397,1.080
ID325,325,2,1715.630,22.156,13.092,0,14.400,48,0.250,1,-10921639,5748.649,5951,1783,10129,212700,2197.781,0.441,0.312,1.243
ID320,320,2,1824.424,20.508,13.001,0,14.700,49,0.250,1,-10921639,5237.378,5312,1682,9304,193783,1941.192,0.442,0.391,1.515
ID332,332,2,2925.678,19.775,13.092,0,15.000,50,0.250,1,-10921639,7631.595,6803,2580,16106,282369,3792.661,0.442,0.446,1.242
ID340,340,2,2809.437,18.768,13.001,0,15.300,51,0.250,1,-10921639,7281.108,6658,2679,15579,269401,3406.496,0.440,0.449,1.324
ID345,345,2,4021.925,16.937,13.001,0,15.600,52,0.250,1,-10921639,11488.757,10833,3731,22936,425084,4792.725,0.440,0.383,1.328
ID349,349,2,3675.506,16.022,12.909,0,15.900,53,0.250,1,-10921639,9302.568,8167,1128,23058,344195,5969.570,0.200,0.436,0.946
ID354,354,2,4518.997,14.191,13.001,0,16.200,54,0.250,1,-10921639,11252.973,10242,3256,25330,416360,6189.371,0.441,0.510,1.227
ID364,364,2,5190.557,13.550,12.909,0,16.500,55,0.250,1,-10921639,12753.514,12276,2216,28324,471880,7119.782,0.440,0.476,1.156
ID358,358,2,5711.033,13.275,12.909,0,16.800,56,0.250,1,-10921639,12499.459,10332,2962,31405,462480,8117.844,0.200,0.577,1.127
ID370,370,2,4882.196,12.634,13.001,0,17.100,57,0.250,1,-10921639,11332.270,11120,2917,22541,419294,5893.329,0.441,0.545,1.357
ID373,373,2,3833.766,11.993,12.909,0,17.400,58,0.250,1,-10921639,10568.027,10632,4165,19433,391017,4114.745,0.441,0.413,1.502
ID379,379,2,6103.104,12.085,12.909,0,17.700,59,0.250,1,-10921639,14006.946,13041,3738,26698,518257,7077.683,0.442,0.543,1.393
ID389,389,2,4852.450,11.902,12.909,0,18.000,60,0.250,1,-10921639,11771.973,11487,2856,20525,435563,5405.475,0.441,0.478,1.408
ID376,376,2,5559.086,11.810,12.909,0,18.300,61,0.250,1,-10921639,12761.595,12970,3340,25790,472179,6385.037,0.441,0.540,1.402
ID396,396,2,6010.974,11.810,12.909,0,18.600,62,0.250,1,-10921639,12961.486,10622,2853,29587,479575,7583.977,0.439,0.561,1.229
ID403,403,2,3454.917,11.993,12.909,0,18.900,63,0.250,1,-10921639,9422.324,9121,2764,16980,348626,4175.932,0.441,0.410,1.313
ID401,401,2,4683.193,11.627,12.909,0,19.200,64,0.250,1,-10921639,11773.162,10897,3555,23154,435607,5095.876,0.441,0.475,1.489
ID407,407,2,6310.873,11.536,12.909,0,19.500,65,0.250,1,-10921639,14387.135,12902,3577,30558,532324,7191.274,0.441,0.563,1.441
ID411,411,2,5955.141,11.261,12.817,0,19.800,66,0.250,1,-10921639,13301.919,11563,1841,35290,492171,8994.581,0.200,0.556,1.057
ID423,423,2,5425.901,11.261,12.909,0,20.100,67,0.250,1,-10921639,12458.919,9436,2063,29457,460980,7664.921,0.200,0.526,1.121
ID417,417,2,4486.306,11.261,12.817,0,20.400,68,0.250,1,-10921639,10651.486,9256,1682,23115,394105,5827.526,0.441,0.471,1.170
ID425,425,2,3422.005,11.169,12.909,0,20.700,69,0.250,1,-10921639,8810.324,7906,2726,15900,325982,3731.462,0.442,0.466,1.502
ID430,430,2,3192.736,10.895,12.817,0,21.000,70,0.250,1,-10921639,9056.216,8788,2286,18066,335080,4011.843,0.442,0.407,1.307
ID434,434,2,4043.122,11.169,12.909,0,21.300,71,0.250,1,-10921639,12603.541,13070,3446,19940,466331,4707.483,0.441,0.337,1.349
ID440,440,2,3485.344,10.895,12.817,0,21.600,72,0.250,1,-10921639,9223.297,8228,1205,19515,341262,4832.539,0.441,0.429,1.145
ID443,443,2,1703.085,8.972,12.726,0,21.900,73,0.250,1,-10921639,6145.324,6297,1877,10188,227377,2391.417,0.442,0.297,1.177
ID4105,4105,2,-1.000,7.690,12.634,0,74.000,74,0.250,1,-10921639,5402.919,5849,2039,9220,199908,1971.125,0.950,0.316,1.318
ID456,456,2,2114.040,6.226,12.543,0,22.500,75,0.250,1,-10921639,6253.432,6096,1190,12884,231377,3008.403,0.200,0.340,1.055
ID463,463,2,2067.889,5.402,12.634,0,22.800,76,0.250,1,-10921639,6425.135,5898,1941,12647,237730,2722.187,0.440,0.336,1.186
ID474,474,2,1527.094,4.395,12.634,0,23.100,77,0.250,1,-10921639,5574.946,5842,1827,9540,206273,2019.347,0.950,0.277,1.197
ID467,467,2,3086.049,2.563,12.543,0,23.400,78,0.250,1,-10921639,7154.243,6373,1953,15261,264707,3603.764,0.440,0.515,1.350
ID478,478,2,1544.708,1.282,12.726,0,23.700,79,0.250,1,-10921639,5479.027,5565,1991,10387,202724,2301.069,0.442,0.288,1.064
ID482,482,2,1577.078,0.824,12.909,0,24.000,80,0.250,1,-10921639,5688.730,5948,3022,8146,210483,1514.189,0.442,0.310,1.780
ID844,844,47,1517.997,28.839,5.585,0,58.500,195,0.250,1,-10921639,3876.297,3409,1096,8824,143423,2094.614,0.200,0.446,1.141
ID850,850,47,1761.705,27.283,5.402,0,58.800,196,0.250,1,-10921639,4937.297,4776,1072,8945,182680,2057.129,0.440,0.399,1.370
ID859,859,47,1524.969,27.008,5.493,0,59.100,197,0.250,1,-10921639,4901.162,5020,1054,9572,181343,2447.014,0.200,0.277,0.868
ID864,864,47,2029.416,25.360,5.402,0,59.400,198,0.250,1,-10921639,6557.081,6379,1408,11785,242612,3015.658,0.441,0.328,1.074
ID870,870,47,1706.604,24.170,5.219,0,59.700,199,0.250,1,-10921639,6511.541,6419,1248,12448,240927,3234.884,0.950,0.254,0.814
ID881,881,47,1711.591,23.346,5.035,0,60.000,200,0.250,1,-10921639,5739.378,5933,1443,9504,212357,2061.890,0.442,0.314,1.331
ID889,889,47,1891.648,23.071,5.035,0,60.300,201,0.250,1,-10921639,5956.432,6065,1466,10625,220388,2726.139,0.442,0.307,1.028
ID895,895,47,2168.998,21.240,4.669,0,60.600,202,0.250,1,-10921639,6514.000,6680,1386,14044,241018,3413.462,0.200,0.321,0.928
ID903,903,47,2181.773,22.980,5.035,0,60.900,203,0.250,1,-10921639,5363.432,4900,768,15064,198447,3606.791,0.200,0.431,0.895
ID909,909,47,1551.720,19.592,4.852,0,61.200,204,0.250,1,-10921639,5344.189,5147,1443,10290,197735,2182.788,0.440,0.300,1.131
ID916,916,47,2189.484,21.607,4.669,0,61.500,205,0.250,1,-10921639,4644.081,3089,849,14544,171831,3478.580,0.200,0.574,0.974
ID923,923,47,2391.568,18.494,5.219,0,61.800,206,0.250,1,-10921639,8003.081,8158,2310,15229,296114,3619.634,0.442,0.333,1.106
ID933,933,47,1560.732,17.853,5.219,0,62.100,207,0.250,1,-10921639,5541.270,5065,1680,11533,205027,2829.238,0.439,0.338,0.989
ID947,947,47,2799.772,16.663,5.402,0,62.400,208,0.250,1,-10921639,8063.459,7962,1523,16420,298348,3898.861,0.440,0.362,1.100
ID954,954,47,1779.702,16.205,5.310,0,62.700,209,0.250,1,-10921639,6256.946,6378,1788,11398,231507,2530.027,0.950,0.276,1.069
ID960,960,47,2488.525,15.472,5.310,0,63.000,210,0.250,1,-10921639,6707.486,6406,853,14946,248177,3717.824,0.200,0.367,0.969
ID969,969,47,1970.481,14.465,5.676,0,63.300,211,0.250,1,-10921639,6274.757,6108,1775,11823,232166,2775.495,0.950,0.282,0.995
ID976,976,47,1764.052,13.825,5.676,0,63.900,213,0.250,1,-10921639,6148.405,5445,1324,13592,227491,2974.551,0.200,0.261,0.856
ID982,982,47,2038.814,12.634,5.402,0,64.200,214,0.250,1,-10921639,6872.297,6698,1501,13443,254275,3109.597,0.200,0.281,0.970
ID991,991,47,1576.240,11.902,5.310,0,64.500,215,0.250,1,-10921639,5536.270,5507,1127,10726,204842,2401.311,0.200,0.260,0.953
ID999,999,47,1663.913,11.353,5.219,0,64.800,216,0.250,1,-10921639,5282.649,5013,1459,11636,195458,2660.902,0.200,0.315,0.951
ID4069,4069,47,-1.000,10.849,5.173,0,217.000,217,0.250,1,-10921639,3814.297,3559,1199,7398,141129,1688.979,0.950,0.081,0.337
ID1011,1011,47,3104.403,10.620,5.310,0,65.400,218,0.250,1,-10921639,8010.649,7290,1090,17552,296394,4681.904,0.200,0.409,0.994
ID1020,1020,47,1871.693,9.979,5.402,0,65.700,219,0.250,1,-10921639,6444.703,6694,2811,11098,238454,2241.185,0.441,0.308,1.354
ID1024,1024,47,2122.342,7.965,5.676,0,66.000,220,0.250,1,-10921639,6121.000,5160,2464,12421,226477,2669.843,0.441,0.377,1.254
ID1031,1031,47,1966.469,7.233,5.585,0,66.300,221,0.250,1,-10921639,6063.189,5788,2271,9799,224338,2133.141,0.442,0.356,1.492
ID1037,1037,47,1885.976,7.141,5.676,0,66.600,222,0.250,1,-10921639,5054.676,5053,963,10798,187023,2523.007,0.441,0.413,1.171
ID1044,1044,47,1708.581,8.240,5.493,0,67.200,224,0.250,1,-10921639,4494.378,4385,1376,8180,166292,2015.389,0.441,0.448,1.380
ID1048,1048,47,2016.887,6.958,5.493,0,67.500,225,0.250,1,-10921639,5340.595,4867,1569,10150,197602,2465.707,0.441,0.460,1.364
ID1054,1054,47,1821.756,6.500,5.859,0,67.800,226,0.250,1,-10921639,4255.270,3779,1034,10704,157445,2557.631,0.200,0.499,1.107
ID1062,1062,47,1848.246,6.226,5.768,0,68.100,227,0.250,1,-10921639,4192.568,3319,882,11828,155125,2876.596,0.200,0.501,0.973
ID867,867,52,3003.558,82.306,14.648,0,59.400,198,0.250,1,-10921639,8380.162,7375,1331,15414,310066,4360.450,0.441,0.540,1.348
ID878,878,52,4149.702,81.665,14.557,0,59.700,199,0.250,1,-10921639,10431.622,10439,2007,19884,385970,4874.678,0.440,0.475,1.378
ID887,887,52,1613.579,81.208,14.557,0,60.000,200,0.250,1,-10921639,5696.189,5396,1848,10037,210759,1953.986,0.440,0.306,1.367
ID892,892,52,3794.669,80.109,14.282,0,60.300,201,0.250,1,-10921639,9861.622,10203,1456,19748,364880,5164.942,0.442,0.438,1.163
ID899,899,52,3768.664,79.193,14.282,0,60.600,202,0.250,1,-10921639,9487.595,9116,3256,16808,351041,4009.187,0.442,0.478,1.531
ID905,905,52,2534.961,78.369,14.282,0,60.900,203,0.250,1,-10921639,7559.135,7268,1905,14612,279688,3268.926,0.440,0.350,1.199
ID913,913,52,2274.849,77.545,14.282,0,61.200,204,0.250,1,-10921639,6644.270,6781,1914,10810,245838,2696.178,0.440,0.378,1.351
ID920,920,52,1996.162,76.081,14.465,0,61.500,205,0.250,1,-10921639,7474.054,7450,3259,10876,276540,2266.822,0.950,0.251,1.322
ID929,929,52,2788.437,75.531,14.374,0,61.800,206,0.250,1,-10921639,8598.865,8400,2671,17206,318158,3745.886,0.200,0.369,1.238
ID939,939,52,4934.516,74.799,14.557,0,62.100,207,0.250,1,-10921639,11700.027,10837,2368,27102,432901,6696.389,0.200,0.485,1.141
ID950,950,52,5594.262,74.707,14.465,0,62.400,208,0.250,1,-10921639,11627.514,10392,2373,26068,430218,7038.638,0.442,0.632,1.279
ID958,958,52,5110.068,74.707,14.465,0,62.700,209,0.250,1,-10921639,11078.459,11201,1873,25987,409903,7071.643,0.441,0.579,1.149
ID964,964,52,5474.924,74.799,14.557,0,63.000,210,0.250,1,-10921639,11784.378,10089,2356,30702,436022,7425.802,0.200,0.572,1.155
ID972,972,52,4652.690,74.616,14.557,0,63.300,211,0.250,1,-10921639,10426.351,9928,1796,21622,385775,5440.789,0.441,0.557,1.371
ID974,974,52,4161.916,74.616,14.557,0,63.600,212,0.250,1,-10921639,10507.676,10293,4347,18959,388784,4390.498,0.442,0.481,1.554
ID979,979,52,4644.180,74.616,14.557,0,63.900,213,0.250,1,-10921639,11313.189,10850,3125,21872,418588,5188.571,0.442,0.540,1.529
ID988,988,52,5158.220,74.249,14.740,0,64.200,214,0.250,1,-10921639,11802.730,9685,2788,29428,436701,6593.472,0.441,0.532,1.243
ID996,996,52,4196.155,73.792,14.648,0,64.500,215,0.250,1,-10921639,9880.162,8666,1710,24927,365566,5851.636,0.200,0.479,1.093
ID1004,1004,52,3941.122,73.334,14.832,0,64.800,216,0.250,1,-10921639,10227.784,10294,3477,17506,378428,3948.098,0.442,0.469,1.655
ID1008,1008,52,2631.281,72.602,14.832,0,65.100,217,0.250,1,-10921639,7462.676,7295,3200,13875,276119,2883.088,0.441,0.424,1.542
ID1016,1016,52,2978.838,71.961,14.832,0,65.400,218,0.250,1,-10921639,8669.108,9504,2022,15123,320757,3369.719,0.440,0.410,1.497
ID1022,1022,52,2113.088,71.411,14.832,0,65.700,219,0.250,1,-10921639,6757.838,6900,2490,11258,250040,2343.021,0.442,0.343,1.474
ID1027,1027,52,2430.700,70.038,14.832,0,66.000,220,0.250,1,-10921639,6909.135,7034,2735,12986,255638,2815.755,0.440,0.385,1.364
ID1034,1034,52,2108.075,69.306,14.740,0,66.300,221,0.250,1,-10921639,5671.162,5314,1631,11597,209833,2860.219,0.441,0.431,1.194
ID1039,1039,52,1645.781,68.848,15.015,0,66.600,222,0.250,1,-10921639,5845.622,6163,1733,11054,216288,2268.891,0.950,0.300,1.188
ID1042,1042,52,1592.400,68.207,14.603,0,223.000,223,0.250,1,-10921639,4429.757,4219,1760,7729,163901,1406.490,0.441,0.234,1.196
ID1047,1047,52,1582.499,67.200,14.648,0,67.200,224,0.250,1,-10921639,5823.405,4933,3142,12140,215466,2453.833,0.950,0.284,1.049
ID1052,1052,52,1618.391,66.651,14.832,0,67.500,225,0.250,1,-10921639,5111.919,4924,2288,9601,189141,1935.630,0.440,0.313,1.259
ID1057,1057,52,2083.612,66.284,14.465,0,67.800,226,0.250,1,-10921639,5547.162,4781,2028,10819,205245,2581.459,0.440,0.399,1.225
ID1063,1063,52,4899.226,65.918,14.374,0,68.100,227,0.250,1,-10921639,10581.000,9081,1818,28014,391497,6800.741,0.200,0.554,1.109
ID1076,1076,52,3457.688,65.827,14.374,0,68.400,228,0.250,1,-10921639,8925.270,7185,3085,20479,330235,4955.150,0.200,0.475,1.159
ID1071,1071,52,3442.527,65.644,14.282,0,68.700,229,0.250,1,-10921639,8680.486,8059,1832,18580,321178,4332.262,0.441,0.482,1.303
ID1085,1085,52,3724.765,65.735,14.374,0,69.000,230,0.250,1,-10921639,9304.216,8463,2307,23162,344256,5389.062,0.442,0.481,1.122
ID1081,1081,52,2940.035,65.735,14.374,0,69.300,231,0.250,1,-10921639,7214.459,6602,1602,17079,266935,4067.925,0.200,0.437,1.079
ID1090,1090,52,4340.308,65.644,14.282,0,69.600,232,0.250,1,-10921639,11167.378,11229,2023,19497,413193,5195.182,0.442,0.474,1.382
ID1096,1096,52,3888.146,65.644,14.282,0,69.900,233,0.250,1,-10921639,9285.838,7647,3493,19206,343576,4709.978,0.441,0.500,1.315
ID1098,1098,52,2992.904,65.644,14.282,0,70.200,234,0.250,1,-10921639,8009.243,7773,2687,14874,296342,3220.131,0.442,0.429,1.493
ID1100,1100,52,3707.069,65.552,14.282,0,70.500,235,0.250,1,-10921639,9491.000,8429,2778,17905,351167,4421.091,0.442,0.435,1.300
ID1104,1104,52,1722.925,65.094,14.191,0,70.800,236,0.250,1,-10921639,6164.162,6027,3142,9591,228074,1946.731,0.441,0.283,1.396
ID4042,4042,52,-1.000,63.996,14.191,0,237.000,237,0.250,1,-10921639,4812.649,4909,2207,7928,178068,1565.016,0.831,0.172,0.904
ID1115,1115,52,2615.954,63.629,14.191,0,71.400,238,0.250,1,-10921639,6519.892,5892,1345,11745,241236,2943.141,0.442,0.466,1.408
ID4054,4054,52,-1.000,63.309,14.145,0,240.000,240,0.250,1,-10921639,5192.649,5171,1503,9765,192128,2085.930,0.442,0.213,0.875
ID1120,1120,52,1836.400,63.080,14.008,0,72.300,241,0.250,1,-10921639,5492.027,5377,2126,9716,203205,2225.627,0.442,0.345,1.266
ID1127,1127,52,1619.318,63.355,14.282,0,72.600,242,0.250,1,-10921639,5507.189,5081,1481,10716,203766,2447.618,0.441,0.297,1.030
ID1132,1132,52,1871.008,63.263,14.191,0,72.900,243,0.250,1,-10921639,6178.973,5470,1745,11576,228622,2627.614,0.441,0.324,1.151
ID1150,1150,52,2547.388,62.714,14.099,0,73.200,244,0.250,1,-10921639,7308.649,7331,3117,13098,270420,2886.368,0.442,0.381,1.396
ID1146,1146,52,1897.050,62.622,14.282,0,73.500,245,0.250,1,-10921639,6941.757,7513,2644,11300,256845,2419.731,0.440,0.268,1.212
ID1154,1154,52,3996.613,62.531,14.282,0,73.800,246,0.250,1,-10921639,9981.919,9212,3167,22037,369331,5086.710,0.441,0.480,1.274
ID1159,1159,52,3674.988,62.531,14.191,0,74.100,247,0.250,1,-10921639,8462.000,7410,1986,20787,313094,4882.354,0.200,0.510,1.171
ID1161,1161,52,2940.825,62.531,14.191,0,74.400,248,0.250,1,-10921639,7691.730,7982,1464,14764,284594,3751.973,0.442,0.409,1.190
ID1165,1165,52,3406.675,62.531,14.282,0,74.700,249,0.250,1,-10921639,8731.378,8740,2684,17508,323061,4139.654,0.441,0.429,1.266
ID1169,1169,52,3941.464,62.256,14.282,0,75.000,250,0.250,1,-10921639,9848.757,8412,3228,21378,364404,5157.601,0.441,0.435,1.158
ID1171,1171,52,2601.669,62.256,14.282,0,75.300,251,0.250,1,-10921639,7921.351,8175,3614,11895,293090,2632.233,0.442,0.360,1.593
ID1172,1172,52,3588.327,62.164,14.282,0,75.600,252,0.250,1,-10921639,9368.324,8559,3519,17176,346628,3756.720,0.442,0.445,1.535
ID1175,1175,52,2828.647,62.164,14.282,0,75.900,253,0.250,1,-10921639,7751.027,8103,2756,12709,286788,3042.385,0.442,0.411,1.485
ID1179,1179,52,3094.201,62.164,14.374,0,76.200,254,0.250,1,-10921639,7699.622,6597,2580,16449,284886,3839.702,0.441,0.459,1.262
ID1181,1181,52,4125.558,62.073,14.282,0,76.500,255,0.250,1,-10921639,9369.892,7658,2710,22668,346686,5511.512,0.441,0.550,1.207
ID1188,1188,52,3402.422,62.073,14.282,0,76.800,256,0.250,1,-10921639,9449.162,9193,1393,17487,349619,4187.725,0.442,0.417,1.328
ID1184,1184,52,4246.304,62.348,14.374,0,77.100,257,0.250,1,-10921639,9495.676,7044,2383,24522,351340,6215.356,0.200,0.555,1.091
ID1191,1191,52,3363.660,62.073,14.191,0,77.400,258,0.250,1,-10921639,8749.973,8791,2787,16078,323749,4136.259,0.443,0.424,1.261
ID1193,1193,52,4289.023,62.256,14.282,0,77.700,259,0.250,1,-10921639,10409.649,9250,2568,24125,385157,5442.922,0.442,0.507,1.287
ID1194,1194,52,3366.091,62.348,14.374,0,78.000,260,0.250,1,-10921639,8923.324,8363,3351,18641,330163,4114.807,0.441,0.439,1.323
ID1196,1196,52,4125.585,62.073,14.374,0,78.300,261,0.250,1,-10921639,9315.189,7801,1739,24752,344662,5868.036,0.200,0.546,1.122
ID1199,1199,52,4040.725,61.890,14.374,0,78.600,262,0.250,1,-10921639,10495.189,10657,3095,18122,388322,4504.245,0.442,0.469,1.488
ID1205,1205,52,4287.845,61.615,14.374,0,78.900,263,0.250,1,-10921639,9748.216,9698,2205,19698,360684,5150.086,0.442,0.523,1.300
ID1210,1210,52,3008.937,61.341,14.374,0,79.200,264,0.250,1,-10921639,7845.459,7190,2158,16621,290282,3840.291,0.441,0.447,1.263
ID1211,1211,52,3048.236,61.157,14.374,0,79.500,265,0.250,1,-10921639,6825.541,6192,1768,15061,252545,3754.859,0.440,0.549,1.288
ID1214,1214,52,4332.936,61.249,14.282,0,79.800,266,0.250,1,-10921639,9660.162,8108,1677,22995,357426,6123.721,0.441,0.539,1.105
ID1220,1220,52,4042.103,61.249,14.282,0,80.100,267,0.250,1,-10921639,9151.216,8069,1639,21247,338595,5340.614,0.441,0.535,1.194
ID1223,1223,52,4697.602,61.341,14.374,0,80.400,268,0.250,1,-10921639,11213.892,9568,2923,24529,414914,5871.065,0.442,0.521,1.309
ID1226,1226,52,4272.502,61.249,14.282,0,80.700,269,0.250,1,-10921639,9884.784,9402,2669,22964,365737,5424.515,0.441,0.495,1.207
ID1227,1227,52,4331.207,61.249,14.374,0,81.000,270,0.250,1,-10921639,9707.568,9438,2348,19390,359180,5190.771,0.442,0.548,1.324
ID1232,1232,52,4070.041,60.974,14.282,0,81.300,271,0.250,1,-10921639,8756.595,7211,1257,21686,323994,5238.727,0.200,0.561,1.201
ID1237,1237,52,5521.980,60.700,14.374,0,81.600,272,0.250,1,-10921639,11727.324,11002,3419,25220,433911,5876.036,0.441,0.579,1.463
ID1241,1241,52,4016.504,60.608,14.374,0,81.900,273,0.250,1,-10921639,10000.432,9182,2909,18542,370016,4453.460,0.442,0.485,1.466
ID1247,1247,52,5378.971,60.883,14.374,0,82.200,274,0.250,1,-10921639,11912.703,10703,2408,25015,440770,6130.464,0.441,0.574,1.418
ID1246,1246,52,4967.443,60.700,14.374,0,82.500,275,0.250,1,-10921639,11207.892,9659,2791,28053,414692,6734.728,0.200,0.576,1.216
ID1250,1250,52,4734.267,60.608,14.374,0,82.800,276,0.250,1,-10921639,10779.162,10165,2706,21796,398829,5485.070,0.440,0.536,1.371
ID1253,1253,52,4284.333,60.150,14.374,0,83.100,277,0.250,1,-10921639,10822.081,10544,3185,19083,400417,4557.293,0.443,0.464,1.505
ID1262,1262,52,6666.744,60.150,14.374,0,83.400,278,0.250,1,-10921639,13467.054,11194,2448,31190,498281,8140.615,0.440,0.609,1.252
ID1257,1257,52,5221.897,60.150,14.465,0,83.700,279,0.250,1,-10921639,11288.054,8828,1942,28416,417658,7542.844,0.200,0.557,1.071
ID1270,1270,52,4612.895,60.150,14.374,0,84.000,280,0.250,1,-10921639,10903.000,10911,2574,20388,403411,5161.831,0.442,0.499,1.407
ID1279,1279,52,4961.714,60.425,14.374,0,84.300,281,0.250,1,-10921639,12493.459,11978,3230,27642,462258,6495.442,0.441,0.501,1.285
ID1283,1283,52,4152.131,60.517,14.374,0,84.600,282,0.250,1,-10921639,10077.297,8909,2211,20337,372860,4751.755,0.442,0.520,1.452
ID1286,1286,52,4853.947,60.425,14.465,0,84.900,283,0.250,1,-10921639,11732.108,10796,3920,25650,434088,5618.034,0.440,0.512,1.414
ID1289,1289,52,3966.874,60.242,14.465,0,85.200,284,0.250,1,-10921639,9458.459,8905,2496,17818,349963,4357.509,0.442,0.503,1.454
ID1294,1294,52,3329.750,59.601,14.465,0,85.500,285,0.250,1,-10921639,8689.676,7768,1840,19802,321518,4902.002,0.200,0.429,1.064
ID1300,1300,52,3646.981,59.143,14.374,0,85.800,286,0.250,1,-10921639,8881.270,8177,2376,16680,328607,4378.607,0.442,0.464,1.286
ID1306,1306,52,2495.671,58.869,14.374,0,86.100,287,0.250,1,-10921639,7222.865,7162,2899,12231,267246,2762.561,0.443,0.378,1.435
ID1309,1309,52,1954.494,58.045,14.099,0,86.400,288,0.250,1,-10921639,6203.459,6224,2653,9752,229528,1956.048,0.442,0.333,1.585
ID4124,4124,52,-1.000,57.038,14.099,0,289.000,289,0.250,1,-10921639,4685.486,4710,2392,7199,173363,1061.666,0.950,0.123,0.967
ID1316,1316,52,2309.597,56.214,14.008,0,87.000,290,0.250,1,-10921639,7522.027,7622,3188,12403,278315,2553.625,0.442,0.331,1.466
ID1320,1320,52,2754.217,55.847,14.008,0,87.300,291,0.250,1,-10921639,7556.432,7706,1822,15660,279588,3516.675,0.441,0.395,1.217
ID1325,1325,52,2702.414,55.115,14.099,0,87.600,292,0.250,1,-10921639,7779.486,7320,1644,13260,287841,2967.793,0.442,0.381,1.447
ID1334,1334,52,3926.060,54.566,14.191,0,87.900,293,0.250,1,-10921639,10343.405,8337,2420,22167,382706,5399.108,0.441,0.466,1.217
ID1340,1340,52,4230.051,54.016,14.282,0,88.200,294,0.250,1,-10921639,10352.703,9328,2871,21020,383050,5100.754,0.440,0.488,1.331
ID1351,1351,52,3866.248,53.467,14.282,0,88.500,295,0.250,1,-10921639,10081.162,9309,3072,19810,373003,4672.598,0.440,0.468,1.375
ID1360,1360,52,3390.636,52.826,14.282,0,88.800,296,0.250,1,-10921639,9708.054,9464,2155,19411,359198,5224.387,0.440,0.422,1.103
ID1367,1367,52,3203.572,51.819,14.191,0,89.100,297,0.250,1,-10921639,8340.811,8444,1542,15788,308610,4474.015,0.440,0.419,1.101
ID1255,1255,77,1513.610,28.015,5.493,0,83.700,279,0.250,1,-10921639,4232.595,3463,1495,9549,156606,2285.918,0.200,0.410,1.076
ID1266,1266,77,1855.673,27.100,5.493,0,84.000,280,0.250,1,-10921639,4621.595,3882,665,12267,170999,2902.060,0.200,0.475,1.025
ID1275,1275,77,2594.847,26.093,5.493,0,84.300,281,0.250,1,-10921639,6055.595,5339,1333,13985,224057,3522.584,0.200,0.502,1.149
ID1284,1284,77,2044.995,25.086,5.493,0,84.900,283,0.250,1,-10921639,4688.730,3916,688,13344,173483,3222.432,0.200,0.520,0.995
ID1288,1288,77,1640.208,25.909,5.402,0,85.200,284,0.250,1,-10921639,4682.297,4258,2129,8384,173245,1672.741,0.440,0.400,1.600
ID1290,1290,77,2839.139,27.283,5.402,0,85.500,285,0.250,1,-10921639,6638.243,6390,1146,15298,245615,4190.925,0.200,0.457,0.994
ID1298,1298,77,1515.711,23.895,5.219,0,85.800,286,0.250,1,-10921639,4324.595,3720,1128,10761,160010,2375.227,0.200,0.355,0.954
ID1303,1303,77,2968.186,23.621,5.127,0,86.100,287,0.250,1,-10921639,6638.649,4760,1875,21369,245630,4852.721,0.200,0.548,0.968
ID1311,1311,77,1640.753,22.797,5.127,0,86.700,289,0.250,1,-10921639,5197.243,5746,1265,8586,192298,2234.467,0.442,0.302,1.080
ID1315,1315,77,1632.295,22.156,4.944,0,87.000,290,0.250,1,-10921639,4395.270,4011,1601,8422,162625,1891.846,0.441,0.410,1.352
ID1318,1318,77,1546.662,20.828,4.761,0,291.000,291,0.250,1,-10921639,5132.432,4949,2244,9530,189900,1864.552,0.439,0.225,1.011
ID1324,1324,77,1652.168,20.233,4.669,0,87.600,292,0.250,1,-10921639,4990.405,4529,1326,10815,184645,2307.261,0.200,0.366,1.160
ID1329,1329,77,1835.456,18.768,4.944,0,87.900,293,0.250,1,-10921639,5430.378,4745,1724,11951,200924,2543.651,0.200,0.373,1.161
ID1338,1338,77,2100.214,17.120,5.310,0,88.200,294,0.250,1,-10921639,4852.000,4655,657,12798,179524,3105.015,0.200,0.541,1.098
ID1344,1344,77,2037.440,17.120,5.219,0,88.500,295,0.250,1,-10921639,5802.216,5023,1026,12302,214682,3305.023,0.950,0.346,0.902
ID1358,1358,77,2313.805,16.571,5.219,0,88.800,296,0.250,1,-10921639,5227.378,3882,827,14576,193413,3522.630,0.200,0.502,0.993
ID1363,1363,77,2587.701,15.564,5.219,0,89.100,297,0.250,1,-10921639,6661.892,6050,1571,13085,246490,3037.742,0.440,0.451,1.362
